ADMINISTRATIVE DEMOLITION INSPECTOR,1
BRIDGE AND TUNNEL OFFICER,1
TRANSIT ELECTRICAL HELPER,6587
CUSTOMER INFORMATION REPRESENTATIVE,5826
SUPERVISOR CARPENTER,81
TOWER OPERATOR,3544
JOB OPPORTUNITY SPECIALIST,16587
TAXI AND LIMOUSINE INSPECTOR,1433
URBAN PARK RANGER,1211
PUBLIC HEALTH NURSE (SCHOOL HEALTH),1813
DISPATCHER (RAPID TRANSIT OPERATIONS),3924
EDUCATION OFFICER,2019
SUPERVISOR I (SOCIAL SERVICES),1193
CARETAKER (HA),5
ASSISTANT COMMISSIONER (DOC),11
PROGRAM OFFICER (DEPT FOR THE,8
SUPERVISOR OF MECHANICAL INSTA,6
DIRECTOR OF PUBLIC RELATIONS (,7
ASSISTANT TO THE COMMISSIONER,5
DEPUTY EXECUTIVE DIRECTOR (HA),3
ASSISTANT HOUSING MANAGER (HA),2
,724
Steam Fitter,21
Supervising Computer Service Technician,24
Asbestos Hazard Investigator,2
Telecommunications Manager,2
Recreation Supervisor,2
Emerg.Med.Spec.-EMT,4
Maintenance Supervisor (Telephones),1
DIRECTOR OF AUDITS (OFFICE OF,1
MAYORAL PROGRAM COORDINATOR (M,1
EMERGENCY PREPAREDNESS MANAGER,1
CHIEF SERVICE OFFICER (MA),1
SERVICE INSPECTOR (PROJECT SCO,2
ASSISTANT TO THE PRESIDENT (BK,1
ADMIN INSPECTOR (ELECTRICAL)NM,1
COLLEGE ASSISTANT (NO LEAVE AC,1
CHIEF OFFICE ASSISTANT,2
EXECUTIVE DIRECTOR OF STANDARD,1
LEGISLATIVE FINANCIAL STENOGRA,1
STENOGRAPHER TO THE CORPORATIO,1
LEGISLATIVE ANALYST AIDE (CITY,1
*SR MANAGEMENT CONSULTANT HMH,1
ASSISTANT EXECUTIVE SECRETARY,1
SECRETARY OF THE COMMISSION,1
SECRETARY TO VICE CHAIRMAN,1
SECRETARY TO THE DIRECTOR OF M,1
DEPUTY COMMISSIONER (YOUTH SER,1
FIRST DEPUTY COMMISSIONER GENE,1
SECRETARY TO EXECUTIVE DIRECTO,1
ASSISTANT TO THE PRESIDENT (PM,1
SPECIAL ASSISTANT TO THE PRESI,1
EXECUTIVE ASSISTANT TO COMMUNI,1
ASSISTANT DIRECTOR OF TECHNICA,1
CHIEF ENGINEER (DEP),1
SCIENTIST (WATER ECOLOGY) TRAI,1
*ASSISTANT ADVOCATE-PD,3
COUNSEL TO VICE CHAIRMAN,1
COUNSEL,1
DIRECTOR OF LEGAL AFFAIRS,1
CHIEF ADMINISTRATIVE LAW JUDGE,1
ASSISTANT CHIEF DETECTIVE INVE,2
CONFIDENTIAL INVESTIGATOR (OFF,1
ASSOCIATE INSPECTOR (HOISTS /,2
SUPERVISING BLASTING INSPECTOR,7
APPRENTICE INSPECTOR (HSG CONT,1
DEPUTY CONTROLLER (HA),1
CONTROLLER (HA),1
SPECIAL DEPUTY COMPTROLLER,1
CITY DENTIST,2
JUNIOR PUBLIC HEALTH NURSE (PA,1
SECRETARY TO THE DIRECTOR OF P,1
PHYSICIAN,1
CHIEF SURGEON (NON-MANAGERIAL,1
DIRECTOR OF SCHOOL LUNCHES,1
PRECINCT COMMUNITY RELATIONS A,2
COMMUNITY COORDINATOR DOE,1
DISTRICT MANAGER,1
PLAYGROUND ASSISTANT,1
DIRECTOR OF ARTWORKS (DOE),1
COORDINATOR, TENANT PATROL (HA
POLICE CADET (HOUSING BUREAU),1
POLICE OFFICER D/A DETECTIVE 2,1
SERGEANT (RECURRING NIGHT SHIF,1
LIEUTENANT D/A DIR LEGAL BUREA,1
CAPTAIN DETAILED CHIEF OF RISK,1
MARINE ENGINEER (WITH LICENSE),2
CORRECTION ADMINISTRATIVE AIDE,2052
FINGERPRINT TECHNICIAN TRAINEE,1
LABORATORY HELPER,2
EDUCATIONAL AUXILIARY,1
SCHOOL PLANT MANAGER (BOE),1
FIRST DEPUTY COMMISSIONER (DCA,1
INSTITUTIONAL GARMENT WORKER,1
SENIOR REPAIR CREW CHIEF (HDA),1
CITY SECURITY AIDE,1
TRACTOR OPERATOR (5 DAY OPERAT,1
MONUMENTS OFFICER,1
MATE,1
LEGISLATIVE INFORMATION ASSIST,1
ASSISTANT TO FINANCE COMMITTEE,1
LEGISLATIVE LIAISON-ALBANY (CI,1
EXECUTIVE DIRECTOR (NYC DISTRI,1
CHIEF OF STAFF (BUILDINGS),1
DIRECTOR OF THE OFFICE OF IMMI,1
EXECUTIVE DIRECTOR (POLICE PEN,1
EXECUTIVE DEPUTY COMMISSIONER,3
ASSISTANT COMMISSIONER FOR SEC,1
ASSOCIATE COMMISSIONER FOR FAC,1
CHIEF OF STAFF TO THE COMMISSI,1
CITY REGISTER,1
SECRETARY TO DEPUTY COMMISSION,1
COUNSEL (DEPARTMENT OF HEALTH),1
ASSOCIATE COMMISSIONER (BUILDI,1
DIRECTOR OF PUBLIC HEALTH EMER,2
DEPUTY COMMISSIONER (FAS-DOSS),1
DIRECTOR OF FOOD STAMP PROGRAM,1
COUNSEL (DEPARTMENT OF PARKS &,1
DIRECTOR OF URBAN PARK RANGER,1
HEARING OFFICER (PER SESSION),1
*DIR OF FISCAL AFFAIRS (HMH),1
DEPUTY DIRECTOR (AVIATION)-DOT,1
PATIENT CARE ASSOCIATE,1
INSPECTOR OF FIRE ALARM BOXES,1
QUALITY ASSURANCE SPECIALIST (BUILDING REPAIRS),2
RECREATION ASSISTANT,1
SENIOR OFFICE APPLIANCE MAINTAINER,1
PRINCIPAL TRANSIT MANAGEMENT ANALYST (OPERATIONS),8
Police Offficer,8
Promotion to Train Operator,6
School Computer Technology Specialist DOE,1
Associate Project Manager (Promotion),3
Promotion to Marine Engineer (Uniformed-Fire Department),1
Radio Repair Mechanic,2
Supv. of Electrical Installations and Maintenance,1
Public Health Nurse,2
Maintenenace Worker,1
Child and Family Specialist,1
Customer Informationn Representative,1
STUDENT LEGAL SPECIALIST,7
PROJECT PLANNER (OFFICE OF BOR,1
ASSISTANT LEGISLATIVE REPRESEN,2
SPECIAL COMMISSIONER OF INVEST,2
Special Assistant (MA)-MGRL,1
ADMINISTRATIVE DIRECTOR OF RES,3
ADMINISTRATIVE STOREKEEPER,16
ADMINISTRATIVE SUPERINTENDENT,2
ADMINISTRATIVE CLAIM EXAMINER,41
ADMINISTRATIVE EDUCATION OFFIC,1
EXECUTIVE DIRECTOR (BOE RETIRE,1
LEGISLATIVE STENOGRAPHER (CITY,1
LEGAL SECRETARIAL ASST- L2,3
SUPERVISOR OF OFFICE MACHINE O,2
PROCUREMENT ANALYST,7471
ASSISTANT TRANSIT MANAGEMENT A,1
ASSISTANT TO THE MAYOR,1
SPECIAL ASSISTANT TO MEMBER OF,1
LABOR RELATIONS TRIAL EXAMINER,1
HEARING EXAMINER (HA),1
CERT IT DEVELOPER (APP),25
ELECTRICAL ENGINEERING INTERN,38
CHEMICAL ENGINEER,16
ASSISTANT LANDSCAPE ARCHITECT,199
CHIEF CONSULTANT (RADIATION CO,1
ASSISTANT PLAN EXAMINER (BLDGS,1
PARALEGAL AIDE,6811
INTERPRETER (CHINESE),1
INTERPRETER/TRANSLATOR,1
DEPUTY INSPECTOR GENERAL,5
ASBESTOS HAZARD INVESTIGATOR,19
DEPUTY EXECUTIVE DIRECTOR OF F,1
COMPTROLLER,1
CITY DENTIST (PART-TIME),2
CITY DEPUTY MANAGEMENT DENTIST,1
HEAD NURSE,5
SPECIAL CONSULTANT (MENTAL HEA,2
SUPERVISING THERAPIST (COMP DO,2
CORRECTIONAL COUNSELOR,1
SUPERINTENDENT (JUVENILE INSTI,1
DEPUTY DIRECTOR OF PROBATION,1
FORENSIC MORTUARY TECHNICIAN,198
CASEWORKER,21916
HOUSEPARENT AIDE,1
PSYCHIATRIST (PER HOUR),1
RECREATION DIRECTOR (PART-TIME,1
ARTS PROGRAM SPECIALIST,1
ASSOCIATE ARTS PROGRAM SPECIAL,1
ASSOCIATE SUPERVISOR OF SCHOOL,2
DIRECTOR OF PUBLIC AFFAIRS,1
POLICE OFFICER, DET. SPECIALIS
CAPTAIN DETAILED AS CHIEF OF C,1
CORRECTION OFFICER,71906
SPVSG FAD-DIR DSPTCH OP DETAIL,1
ASSISTANT PRINCIPAL CUSTODIAL,1
HOSTLER,39
*CUSTODIAL ASSISTANT,1
EMERGENCY SERVICE AIDE (HA),1
INTELLEGENCE RESEARCH MANAGER-,1
DIRECTOR OF SUPPORT SERVICES-P,1
TELEVISION LIGHTING TECHNICIAN,1
GLAZIER,22
SUPERVISOR ROOFER,1
STATIONARY ENGINEER (ELECTRIC),315
TYPIST (BOARD OF ELECTIONS),1
COMMISSIONER OF BUILDINGS,1
COMMISSIONER OF HOUSING PRESER,1
DIRECTOR OF ADMINISTRATION (CI,1
SENIOR SYSTEMS ANALYSTS (BOARD,1
DIRECTOR-OFFICE OF POLICY (CIT,1
DIRECTOR-OFFICE OF COMMUNICATI,1
COUNSEL TO THE PUBLIC ADVOCATE,1
EXECUTIVE SECRETARY TO THE PUB,1
COMMISSIONER OF BUSINESS SERVI,1
DIRECTOR OF THE MAYORâ€™S OFFICE,3
DIRECTOR OF ADMINISTRATION (DE,1
DEPUTY COMMISSIONER (DBS),1
DEPUTY COMMISSIONER (HEALTH),1
ASST COMMISSIONER (ENV HS)-HMH,1
REGIONAL DIRECTOR MENTAL HEALT,1
ASSISTANT DIRECTOR OF TOXICOLO,2
GENERAL COUNSEL,1
ASSISTANT COMMISSIONER FOR FAC,2
ASSOCIATE COMMISSIONER FOR PER,1
DEPUTY COMMISSIONER OF IT,1
EXEC DIRECTOR OF GRANTS MANAGE,1
DIR POLICY ECONOM RESRCH (HRA),1
IT SERVICE MANAGEMENT SPECIALI,18
ASSISTANT COMMISSIONER FOR PRO,1
SECRETARY TO THE CHAIR, LANDMA
POLICE COMMUNICATIONS TECHNICIAN,59755
QUALITY ASSURANCE SPECIALIST (AUTOMOTIVE EQUIPMENT),3
TRAFFIC ENFORCEMENT AGENT,59768
WARDEN (CORRECTION)((MANAGERIAL ASSIGNMENTS),342
WATERFRONT CONSTRUCTION INSPECTOR,1
ADMINISTRATIVE TRAFFIC ENFORCEMENT AGENT,45
SUPERVISOR OF HOUSING CARETAKERS,278
ELECTRICIAN'S HELPER,3567
RAILROAD STOCK WORKER,789
TELEPHONE MAINTAINER,1300
ASSISTANT TRANSIT MANAGEMENT ANALYST (OPERATIONS),1
POWER DISTRIBUTION MAINTAINER,677
COMPUTER SERVICE TECHNICIAN,3236
ACTUARIAL SPECIALIST,8
ASSOCIATE PUBLIC RECORDS OFFICER,11
MAINTENANCE SUPERVISOR (TRACK EQUIPMENT),93
SCHOOL COMPUTER TECHNOLOGY SPECIALIST (DOE),3538
ADMINISTRATIVE PROGRAM OFFICER (DEPT. FOR THE AGING),23
TESTS AND MEASUREMENT SPECIALIST,24
Structure Maintainer Group E,7
Promotion to Child Protective Specialist Supervisor,22
Emergency Medical Specialist Trainee,6
Administrative Graphic Artist,4
Health Services Manager,17
Administrative Manager,51
Transit Electrical Helper,6
Bookkeeper,4
Lieutenant (Fire) (Prom),2
Maintenance Supervisor (Revenue),3
Assoc. Public Info. Specialist,1
CONSULTANT (EARLY CHILDHOOD EDUCATION),405
EMERGENCY MEDICAL SPECIALIST - EMT,1
ASSOCIATE AIR POLLUTION INSPECTOR,5
Promotion to Supervisor Highway Repairer,1
Social Worker,2
Computer Specialist,4
ASSOCIATE FRAUD INVESTIGATOR,1128
ASSOCIATE INSPECTOR (HOISTS AND RIGGING),1
INVESTIGATION BEFORE APPOINTMENT TITLES (as of 10/14/2020),3
CHIEF OF DEMOLITION (HOUSING AUTHORITY),1
CHILD AND FAMILY SPECIALIST,542
CITY ASSESSOR,239
DEPUTY CITY SHERIFF,12863
FIRE PROTECTION INSPECTOR,2808
SUPERVISING POLICE COMMUNICATIONS TECHNICIAN,1246
MAINTENANCE SUPERVISOR (TRACK),711
ADMINISTRATIVE PROJECT MANAGER,10813
STATIONARY ENGINEER,6911
ADMINISTRATIVE MANAGEMENT AUDITOR,535
CUSTODIAN ENGINEER (BOE),988
SUPERVISOR OF ELECTRICAL INSTALLATIONS AND MAINTENANCE,434
SERGEANT (POLICE),19242
LIEUTENANT (FIRE),9643
WATERSHED MAINTAINER,412
ADMINISTRATIVE TRANSPORTATION COORDINATOR,343
MARKET AGENT,6
MATE (FERRY),79
CAR MAINTAINER - GROUP C,16
COMPUTER OPERATIONS MANAGER,4197
RESEARCH PROJECTS COORDINATOR,16
EMERGENCY PREPAREDNESS SPECIAL,55
IT SECURITY SPECIALIST,26
ADMINISTRATIVE CONTRACT SPECIA,6
ADM CONSTRUCTION PRJ MGR-NM,23
ADM MANAGER-NON-MGRL FRM M1/M2,25
INVESTIGATOR (CCRB),9
PROGRAM SPECIALIST  CORRECTION,6
LEGAL COORDINATOR,5
POISON INFORMATION SPECIALIST,6
Child Protective Specialist Supervisor (PROM),5
Administrative Engineer,4
Inspector (Housing),5
Car Inspector,45
Associate Staff Analyst,25
Mate (Ferry),4
Computer Specialist  (Software),2
Computer Programmer Analyst,51
Police Administrative Aide,12
Gardner,2
Maintenance Supervisor (Surface),7
RESEARCH LIAISON ADN GOVERNMEN,1
DIRECTOR OF ADMINISTRATION (LA,1
DEPUTY COMMISSIONER (CDCSA),1
SECRETARY TO THE EXECUTIVE DIR,4
RESEARCH & LIAISON COORDINATOR,1
STUDENT AIDE,1
EDUCATION OFFICER (UNION),2
*SYSTEMS ANALYST,1
SECRETARY TO COMMISSIONER (YOU,1
PRESIDENT,1
SPECIAL ASSISTANT TO COMMISSIO,3
EXECUTIVE ASSISTANT FOR INTERG,1
PUBLIC HEALTH ENGINEERING CONS,1
HOUSING CONSULTANT,1
DIRECTOR, OFFICE OF DEVELOPMEN
COUNSEL (CITY PLANNING),1
COUNSEL (CONFLICTS OF INTEREST,1
COUNSEL TO MINORITY LEADER,1
COUNSEL TO THE POLICE COMMISSI,1
ASSOC INSPECTOR (HOUSING CONST,2
DENTAL HYGIENIST,2
PUBLIC HEALTH EMERGENCY PREPAR,2
FAMILY PRESERVATIONIST (JUVENI,1
CASEWORKER TRAINEE,1
CONGREG CARE SPEC-DJJ (40 HR),2
PODIATRIST (PART TIME),1
EMERGENCY MEDICAL SPECIALIST-P,1
JUNIOR MEDICAL EXAMINER (OFF O,1
SCHOOL LUNCH HELPER,1
ASSOCIATE PUBLIC RECORDS OFFIC,2
ASSISTANT DIRECTOR OF EDUCATIO,1
DIRECTOR OF TELEVISION,2
DIRECTOR OF PUBLIC AFFAIRS (OM,1
LEGISLATIVE INFORMATION OFFICE,1
DIRECTOR OF PUBLIC & COMMUNITY,1
SCHOOL CROSSING GUARD (AL II â€“,1
POLICE OFFICER D/A DETECTIVE 1,1
CAPTAIN DETAILED AS CHIEF OF O,1
ASSISTANT CHIEF OF DEPT DESIGN,1
ASSISTANT CHIEF FIRE MARSHAL (,1
WARDEN (CORRECTION)(MGRL ASSIG,1
WARDEN-DEPUTY WARDEN IN COMM T,1
ASSOCIATE TRAFFIC ENFORCEMENT,3
DIRECTOR OF PHOTOGRAPHIC SERVI,1
BAKER,1
SENIOR OFFICE APPLIANCE MAINTA,1
MARINE ENGINEER (DIESEL),2
BOOKBINDERâ€™S SEAMSTRESS,1
ADMINISTRATIVE ASSOCIATE (BOAR,1
COMMISSIONER OF TRANSPORTATION,1
LEGISLATIVE PLANNING COORDINAT,1
DEPUTY DIRECTOR-OFFICE OF COMM,1
EXECUTIVE DIRECTOR (CAMPAIGN F,1
CHAIR (HA),1
EXECUTIVE DIRECTOR OF PUBLIC I,1
PUBLIC ADVOCATE,1
DIRECTOR OF INDEPENDENT BUDGET,1
DIRECTOR OF THE OFFICE OF SCHE,1
DEPUTY DIRECTOR (POLICE PENSIO,1
SECRETARY TO THE COUNSEL TO TH,1
DEP DIR MTR EQ MNTC(DOS)-MGRL,1
CHIEF INVESTIGATOR (CRIMINAL I,1
DIRECTOR OF NURSING SERVICES,1
DIRECTOR OF MEDICOLEGAL INVEST,1
DEPUTY COMMISSIONER (BUILDINGS,1
DIRECTOR OF DEMOLITION & SEALI,1
ASSISTANT COMMISSIONER (ALTERN,1
SECRETARY OF THE DEPARTMENT (D,1
ASSISTANT ADMINISTRATOR OF PUB,1
DIRECTOR OF PLANNING (CDA),1
GENERAL COUNSEL (DDC),1
MANAGER OF PARK LICENSE AGREEM,1
*SR CONSULTANT MANAGEMENT INFO,2
SERVICE INSPECTOR (BOARD OF EDUCATION),5
SPECIAL INVESTIGATOR (LIBRARY),1
SUPERVISING HULL AND MACHINERY INSPECTOR,1
ASSOCIATE OPERATIONS COMMUNICATIONS SPECIALIST,3
HEARING EXAMINER (HOUSING AUTHORITY),9
SUPERVISOR OF RADIO AND TELEVISION OPERATORS,6
ADMINISTRATIVE SAFETY OFFICER (TA),10
Associate Transit Management Analyst (Operations),2
Secretary,2
Plan Examiner,1
Emergency Medical Specialist-EMT,8
Lead Abatement Worker,1
DIRECTOR OF BUILDING MANAGEMEN,1
EXECUTIVE ASSISTANT-MIDTOWN EN,1
DEPUTY DIRECTOR OF ADMIN WORKE,1
SECRETARY TO THE SPECIAL COMMI,2
EXECUTIVE DIRECTOR OF MATERIAL,1
DIRECTOR OF IMMIGRANT AFFAIRS,1
SENIOR SERVICE INSPECTOR (PROJ,1
ADMINISTRATIVE ASSESSOR,2
ADMINISTRATIVE TAX AUDITOR,29
COMPUTER SYSTEMS MANAGER,103224
CONFIDENTIAL ASST OFFICE,1
ADMINISTRATIVE CHIEF,2
DECEDENT PROPERTY AGENT,1
POLICE ADMINISTRATIVE AIDE,8805
EXECUTIVE DIRECTOR (NYC EMPLOY,1
SUPERVISING LEGISLATIVE STENOG,1
LEGAL SECRETARIAL ASST- L1,1
*ASSOCIATE EDUCATION OFFICER (,1
EXECUTIVE ASSISTANT TO THE CIT,1
SECRETARY OF THE BOARD,1
SPECIAL ASSISTANT TO THE MAYOR,1
CHIEF MEDIATOR (OLR),1
AUTOMOTIVE SPECIALIST,1
CONSULTING ENGINEER,1
DEPT ENGINR (WATER SUPPLY)-DEP,1
BIO-MEDICAL EQUIPMENT TECHNICI,1
DEPUTY DIRECTOR-MIDTOWN ACTION,1
*ATTORNEY AT LAW,4
STUDENT LEGAL ASSISTANT,1
DIRECTOR OF CRIMINAL JUSTICE,2
INSPECTOR GENERAL,2
ASBESTOS HANDLER,1
ASBESTOS HANDLER SUPERVISOR,1
INSPECTOR (BOILERS),4
ASSOCIATE INSPECTOR (ELEVATORS,2
ASSOCIATE FIRE PROTECTION INSP,6
APPRENTICE INSPECTOR (HOUSING),1
ASSOCIATE RETIREMENT BENEFITS,3
PRINCIPAL INVESTMENT OFFICER (,1
CITY VETERINARIAN,2
STRATEGI INITIATIVE SPECIALIST,1
REGISTERED NURSE (PER SESSION),1
JUNIOR PUBLIC HEALTH NURSE,1
PUBLIC HEALTH ADVISER,1498
ASSISTANT COMMISSIONER FOR AFT,1
PROGRAM COORDINATOR (JUVENILE,1
ASSOCIATE YOUTH DEVELOPMENT SP,2
SUPERVISOR II (SOCIAL SERVICES,1
HOME AIDE,1
DEPUTY CHIEF SURGEON (NON-MANA,1
ASSOCIATE HUMAN RIGHTS SPECIAL,6
PRINICIPAL HUMAN RIGHTS SPECIA,1
DIRECTOR OF EQUAL OPPORTUNITY,2
RECREATION SUPERVISOR,383
SCHOOL SAFETY AGENT,106993
POLICE OFFICER, SPECIAL ASSIGN
CAPTAIN-CHIEF OF COMMUNITY AFF,1
ENVIRONMENTAL POLICE OFFICER,9002
Assistant Caretaker (HA),1
ADMINISTRATIVE RETIREMENTS BEN,3
CLOCK REPAIRER,1
CHAUFFEUR-ATTENDANT (HA),1
CITY SEASONAL AIDE,8
SHIP CARPENTER,1
PLASTERER,410
AUTOMOTIVE SERVICE WORKER,2754
TELEPHONE SERVICE TECHNICIAN,8
SENIOR LEGISLATIVE FINANCIAL A,1
EXECUTIVE LEGISLATIVE SECRETAR,1
COMMISSIONER OF FINANCE,1
ADMINISTRATIVE MANAGER (BOARD,1
LEGISTATIVE CONFIDENTIAL SECRE,1
SPECIAL ASSISTANT FOR RESEARCH,1
ASSOCIATE COMMISSIONER FOR DET,1
MANAGER, WATER AND SEWER SYSTE
CHIEF OF LAW BUREAU (OPINIONS/,1
ASST COMMISSIONER (COMM DISEAS,1
ASSISTANT COMMISIONER (M&C HEA,1
DIRECTOR (OCME TOXICOLOGICAL L,1
COUNSEL (DEPT OF MENTAL HEALTH,1
DEPUTY COMMISSIONER (DOE),1
DEPUTY GENERAL COUNSEL (DCAS),1
EXEC ASST TO THE DEPUTY COM FO,1
ASST COMMISSIONER FOR POLICY A,1
DIRECTOR OF LEGISLATIVE COORDI,1
ASSIST COMMISSIONER FOR INTERG,1
DIRECTOR OF INFORMATION SERVIC,1
DEPUTY CHIEF OF OPERATIONS (PA,1
DEPUTY COMMISSIONER (CULTURAL,1
ELECTION WORKER (PART-TIME)-BD,1
INVESTIGATOR TRAINEE,1
REPORTER/STENOGRAPHER (DA),138
SUPERVISING INSPECTOR (MECHANICAL),1
DISPATCHER (SURFACE TRANSPORTATION),7132
MAINTENANCE SUPERVISOR (STRUCTURES-GROUP H-AIR CONDITIONING,46
ASSOCIATE HOUSING DEVELOPMENT SPECIALIST,46
ADMINISTRATIVE DIRECTOR OF MARINE MAINTENANCE,3
CHIEF OF HOUSING COMMUNITY ACTIVITIES,3
INTERPRETER, CHINESE (CANTONESE
ASSOCIATE CASHIER (TA),985
MAINTENANCE SUPERVISOR (VENTILATION AND DRAINAGE),40
BIO MEDICAL EQUIPMENT TECHNICIAN,1
Computer Associate (Software),151
Motor Vehicle Operator,2
Fraud Investigator,11
Education Officer,9
Prom. to Associate Fraud Investigator,2
Project Manager Intern,13
Addministrative Director of Social Sevices,1
NYS Court Officer-Trainee,1
School Safety Agent (SSA),17
Civil Enginneering Intern,1
Climber and Pruner,5
Mariner,3
Bridge Repairer and Riveter,2
?TRANSIT ELECTRO-MECHANICAL MAINTAINER,153
ADMINISTRATIVE JUVENILE COUNSELOR,1
ADMINISTRATIVE TRANSIT CUSTOMER SERVICE SPECIALIST,27
Administrative Community Relation Specialist,1
Computer Specialist(Software),4
Computer Specialist Software,5
ASSOCIATE FIRE PROTECTION INSPECTOR,282
ASSOCIATE TAXI AND LIMOUSINE INSPECTOR,220
ASSOCIATE TRAFFIC ENFORCEMENT AGENT,3383
CONSTRUCTION PROJECT MANAGER INTERN,1095
COUNTY DETECTIVE,2
DETECTIVE INVESTIGATOR,3
EVIDENCE AND PROPERTY CONTROL SPECIALIST,2010
HOUSING EXTERMINATOR,384
ADMINISTRATIVE COMMUNITY RELATIONS SPECIALIST,104939
CITY PLANNER,11199
PROJECT MANAGER INTERN,2934
CAR MAINTAINER - GROUP B,360
SCHOOL FOOD SERVICE MANAGER,342
MAINTENANCE SUPERVISOR (STRUCTURES-GROUP C-IRON WORK),114
STEAM FITTER,3364
ADMINISTRATIVE EDUCATION OFFICER,1812
ELEVATOR AND ESCALATOR MAINTAINER,80
TRANSIT MANAGEMENT ANALYST TRAINEE,1379
MANAGEMENT AUDITOR TRAINEE,554
INSPECTOR (HOUSING),434
POWER ELECTRONIC TECHNICIAN,169
SPACE ANALYST,1088
ENVIRONMENTAL ENGINEERING INTERN,219
PROBATION OFFICER TRAINEE,32
NUTRITIONIST,15
SENIOR CONSULTANT (PUBLIC HEALTH SOCIAL WORK),15
MANAGER OF RADIO REPAIR OPERATIONS,4
COMMUNITY ASSOCIATE,113
CHAPLAIN,6
ASSOCIATE ARTS PROGRAMS SPECIA,3
NEW YORK CITY FELLOW (DCAS),4
RECREATION DIRECTOR,9
ASSOC SUPVR OF SCHL SEC (MGRL),2
SUPERVISOR OF MOTOR TRANSPORT,10
BOROUGH COMMISSIONER (DOT),2
SUPERVISING COMPUTER SERVICE T,3
Police Officer,1508
Staff Analyst,14
Structure Maintainer Group B,15
Promotion to Associate Inspector (Construction),1
Promotion to Sergeant (Police),15
Principal Transit Management Analyst (Operations),2
Sergeant (Police),2
Special Officer (DOHMH),2
High Pressure Plant Teneder,2
Auto Mechanic (Diesel),17
Mason's Helper,9
Gardener,3
Urban Park Ranger,5
CHAUFFEUR-ATTENDANT (BKLYN BOR,1
RESEARCH AND LIAISON SPECIALIS,2
CHAUFFEUR-ATTENDANT (BORO PRES,3
PROJECT PLANNER (MA),1
RECREATION SPECIALIST (DEPT OF,1
STAFF ASSISTANT (OFFICE OF THE,1
DEPUTY DIRECTOR OF ADMINISTRAT,5
DEPUTY COMMISSIONER FOR LAW EN,1
ASSISTANT BUDGET ANALYST (IBO),1
BUDGET ANALYST (IBO),1
DEPUTY DIRECTOR OF MEDICOLEGAL,2
COMPUTER OPERATIONS MANAGER (S,1
EXECUTIVE ASSISTANT,2
NEW YORK CITY PUBLIC SERVICE,1
ASSISTANT PURCHASING AGENT,1
STAFF ANALYST (DOE - OJ),2
ASSOCIATE STAFF ANALYST DOE OJ,1
SENIOR MANAGEMENT CONSULTANT (,2
*SENIOR SYSTEMS ANALYST,1
EXECUTIVE SECRETARY TO THE DIR,1
SECRETARY TO MINORITY LEADER,1
SPECIAL DEPUTY COMMISSIONER (D,1
FIRST DEPUTY CITY CLERK,1
CHAIRMAN,1
MAYOR,1
COMMISSIONER DESIGNATED AS VIC,1
ASSISTANT TO THE CHAIRMAN,1
CONFIDENTIAL EXAMINER,1
SPECIAL ASSISTANT IN THE OFFIC,1
EXECUTIVE ASSISTANT FOR PLANNI,1
DIRECTOR OF MANAGEMENT PLANNIN,2
TAX MAP CARTOGRAPHER,6
DIRECTOR OF DESIGN,1
PRINCIPAL PLANNING CONSULTANT,5
ASST TO THE DIRECTOR OF NEIGHB,1
DEPUTY COUNSEL TO THE MAYOR,1
COUNSEL (DEPT OF PROBATION),1
LEGISLATIVE REPRESENTATIVE,1
SENIOR TITLE EXAMINER,1
INTERPRETER (HOURLY) (DOE),1
CONFIDENTIAL OPERATIONS SPECIA,1
INVESTIGATOR (EMPLOYEE COMPLIA,3
ASSOCIATE QUALITY ASSURANCE,1
ASSOCIATE TAXI & LIMOUSINE INS,2
PRINCIPAL APPRAISER (REAL ESTA,1
ACTUARIAL SPECIALIST LEVEL I,1
CHIEF OF PLANNING & EVALUATION,1
CHILD PROTECTIVE SPECIALIST (C,2
DIRECTOR OF ADMINISTRATION (ME,1
PHYSICIANS ASSISTANT,6
SUPERVISING EMERGENCY MEDICAL,4
SENIOR SCHOOL LNCH AIDE,1
ASSISTANT DIRECTOR OF INTERGRO,1
FIELD SUPERVISOR (SUMMER YOUTH,1
CAPTAIN DETAILED AS ASSISTANT,1
CAPTAIN DETAILED AS CHIEF OF P,2
CHIEF OF THE HOUSING BUREAU,1
SUPERVISING FIRE MARSHAL (UNIF,2
LIFE GUARD,4
DIR OF QUALITY & COST CONTROL,1
DIRECTOR OF REVIEW & COUNSELIN,1
DOCKMASTER,1
SENIOR BAKER (CORRECTIONS),1
CITY DEBRIS REMOVER,1
SHOEMAKER,1
SUPERVISOR LOCKSMITH,1
CHAUFFEUR-ATTENDANT (LPC),1
EXECUTIVE DIRECTOR (SCHOOL BUI,1
MARINE OILER,2
STEAM FITTER'S HELPER,11
SENIOR ADMINISTRATIVE ASSISTAN,1
SENIOR VOTING MACHINE TECHNICI,1
COMMISSIONER OF CULTURAL AFFAI,1
COMMISSIONER OF HEALTH,1
COMMISSIONER OF ENVIRONMENTAL,1
DIRECTOR OF LEGISLATIVE FINANC,1
PROGRAMMER (BD OF ELECTIONS),1
PERSONNEL COORDINATOR (CITY CO,1
LEGISLATIVE ADMINISTRATIVE TYP,1
SUPERVISING LEGISLATIVE FINANC,1
LEGISLATIVE POLICY SECRETARY (,1
TECHNICAL SYSTEMS MANAGER (NYC,1
COMMISSIONER (TAX APPEALS TRIB,1
SENIOR INVESTIGATOR (PUBLIC AD,1
*SENIOR STAFF OFFICER (LEGAL),1
CHIEF ACCOUNTABILITY OFFICER (,1
SR ADVISOR FOR INVESTIGATIONS,1
DEPUTY ADMINISTRATOR,1
SUPERVISOR OF MARINE OPERATION,1
EXEC ASST TO THE COMMISSIONER,1
ASSISTANT COMMISSIONER FOR LAB,1
DIRECTOR OF SECURITY (DCAS),1
DIRECTOR OF THE CITY RECORD (D,1
DIRECTOR OF PURCHASE (DCAS),1
DEPUTY COMMISIONER(HOMELESS SE,1
EXECUTIVE DIRECTOR, NEW YORK C
ASSISTANT DEPUTY ADMINISTRATOR,1
ASST. COMM. OF FISCAL ADMINIST,1
ASSOC COMMISSIONER FOR PLANNIN,1
GENERAL COUNSEL (YOUTH SERVICE,1
DEPUTY COMMISSIONER (ACD-DOSS),1
DEPUTY BOROUGH COMMISSIONER (P,1
DEPUTY COMMISSIONER (PARKS & R,1
*ASSOCIATE EXECUTIVE DIRECTOR,1
*COORDINATING MANAGER (HMH),2
*DIRECTOR OF HEALTH CARE PROGR,1
SENIOR DEMOLITION INSPECTOR,1
ASSOCIATE TRANSIT MANAGEMENT ANALYST (OPERATIONS),5
ADMINISTRATIVE JOB OPPORTUNITY SPECIALIST (NON-MANAGERIAL),79
Revenue Equipment Maintainer,3
Emergency Medical Spcialist - EMT (FIRE),1
Associate Fraud Investigator (PROM),1
Auto Service Worker,1
Power Electronic Technician,1
Fire Alarm Dispatcher,2
Carpenter,6
Promotion to Supervising Housing Groundskeeper,1
DIRECTOR (PLANT OPERATIONS SER,1
DIRECTOR BOROUGH PRESIDENT'S O,1
DIRECTOR, OFFICE OF OPERATIONS
ASST PROJECT PLANNER (OFFICE O,1
SENIOR OCCUPATIONAL THERAPIST,2
SENIOR STUDENT LEGAL SPECIALIS,1
SECRETARY TO THE FIRST ASSISTA,1
DEPUTY COMMISSIONER (OEM),1
IT PROJECT SPECIALIST,36
ADMINISTRATIVE SPACE ANALYST (,1
DEPUTY PUBLIC ADMINISTATOR,1
ASSISTANT EXECUTIVE DIRECTOR (,3
STENOGRAPHIC SPECIALIST,7
ADMINISTRATIVE JOB OPPORTUNITY,15
SUPERVISOR OF STOCK WORKERS,967
DIRECTOR OF TRAINING (POLICE D,1
SECRETARY (NYC COMMISSION TO T,1
LAW SECRETARY,1
SECRETARY TO THE DIRECTOR OF F,1
SECRETARY TO COMMISSIONER OF B,1
SECRETARY (MANAGERIAL),1
DEPUTY CITY CLERK,1
CALENDAR ASSISTANT,1
Executive Assistant to the Ope,1
ASSOCIATE LABOR RELATIONS ANAL,5
CERT IT ADMINISTRATOR (DB),6
*CERTIFIED WIDE AREA NETWORKAD,4
Cooperative EducationTrainee E,1
ASSISTANT CIVIL ENGINEER,7060
ENVIRONMENTAL ENGINEERING INTE,1
ENVIRONMENTAL ENGINEER,142
ASSOCIATE HOUSING DEVELOPMENT,35
ASSISTANT ADVOCATE-PD,3
AGENCY ATTORNEY,129
HEARING DIRECTOR (COMM OF HUMA,1
ASSISTANT DISTRICT ATTORNEY (S,13
HIGHWAYS AND SEWERS INSPECTOR,27
ASSOCIATE INSPECTOR (BOILERS),8
ASSOCIATE INSPECTOR (PLUMBING),8
TRAFFIC CONTROL INSPECTOR,44
SERVICE INSPECTOR (DOT),2
ASSOCIATE QUALITY ASSURANCE SP,2
APPRENTICE INSPECTOR (HIGHWAYS,1
MANAGEMENT AUDITOR,2811
CITY TAX AUDITOR,1928
INVESTMENT ANALYST,195
PUBLIC HEALTH NURSE,1182
GENERAL COUNSEL (JUVENILE JUST,1
PROBATION ASSISTANT,11
PROJECT DIRECTOR (DEPARTMENT O,1
ASSOCIATE JOB OPPORTUNITY SPEC,5
PROTECTION AGENT (ACS),6
SCHOOL LUNCH ASSISTANT,3
COMMUNITY COORDINATOR,190
COMMUNITY ASSOCIATE DOE,1
PRECINCT COMMUNITY RELATIONS C,1
PUBLIC RECORDS AIDE,1604
EQUAL EMPLOYMENT OPPORTUNITY O,1
ASSISTANT INSTITUTIONAL TEACHE,1
DIRECTOR OF EDUCATION (JJ),1
PUBLIC INFORMATION OFFICER,1
CUSTOMER INFORMATION REP,11
DEP DIR RESEARCH & POL DEVELP,1
*SURGEON,1
SUPERVISING FM-MGL DET: CHIEF,1
SPVSG FAD-ASST COMMISS DETAIL,1
CHIEF LIFEGUARD,4
SANITATION ENFORCEMENT AGENT,2034
SANITATION COMPLIANCE AGENT,4
HOUSING ASSISTANT (HA),1
CUSTODIAL SUPERVISOR,1
CUSTODIAN (MANAGERIAL ASSIGNME,1
GARDENER,214
MANAGER OF RADIO REPAIR OPERAT,2
ADMINISTRATIVE DEPUTY REGISTER,4
HOUSING EXTERMINATOR (HA),3
CITY ELEVATOR OPERATOR,1
MAINTENANCE WORKER,6370
BRIDGE OPERATOR,359
MOTOR VEHICLE OPERATOR,17182
LETTERER AND SIGN PAINTER,28
ASSISTANT PRINTING PRESS OPERA,1
CHIEF CLERK (BOARD OF ELECTION,1
ASSISTANCE FINANCE OFFICER(BOA,1
TABULATOR OPERATOR (BOARD OF E,1
EXECUTIVE LEGISLATIVE STENOGRA,1
COMMISSIONER OF MENTAL HEALTH,1
DIRECTOR OF LEGISLATIVE OVERSI,1
COUNSEL (BOARD OF ELECTIONS),1
LEGISLATIVE MESSENGER (CITY CO,1
COMMUNICATION ASSISTANT (CITY,1
LEGISLATIVE INTERDIVISIONAL LI,1
DIRECTOR (CITY COUNCIL),1
LEGISLATIVE PROJECT MANAGER (C,1
ASSOCIATE ACCOUNTANT (PUBLIC A,1
DEPUTY COMMISSIONER (DOT),3
DEPUTY COMMISSIONER (INTELLIGE,1
ADMINISTRATIVE ASSISTANT TO CO,1
ASSISTANT COMMISSIONER (DBS),3
ASSISTANT COMMISSIONER (CRIMIN,1
SPECIAL ASSISTANT TO THE COMMI,4
COMMISSIONER OF COMMUNITY DEVE,1
DIRECTOR OF NYC MEDICAL RESERV,1
MEDICAL DIRECTOR (MEDICAL ASSI,1
QUALITY ASSURANCE SPECIALIST TRAINEE,1
STRUCTURE MAINTAINER - GROUP D,333
ASSISTANT CHEMICAL ENGINEER,116
TELECOMMUNICATIONS ASSOCIATE (VOICE),274
ASSISTANT HOUSING MANAGER,2360
TRANSIT ELECTRO-MECHANICAL MAINTAINER,558
POWER CABLE MAINTAINER,112
ADMINISTRATIVE INSPECTOR (HOUSING),50
AREA MANAGER OF SCHOOL MAINTENANCE,18
ADMINISTRATIVE LANDMARKS PRESERVATIONIST,12
Congregate Care Specialist,9
Promotion to Adminstrative Staff Analyst,2
Public Health Sanitarian,6
Corrections Officer,11
Elevator Mechanic Helper,8
Machinist's Helper,5
Emer.Med.Spec.-Param.(Fire),1
HOUSING MANAGER,1103
RESIDENT BUILDINGS SUPERINTENDENT,539
ADMINISTRATIVE BLASTING INSPECTOR,1
ADMINISTRATIVE PROBATION OFFICER,14
ASSISTANT PLAN EXAMINER (BUILDINGS),559
ASSOCIATE INSPECTOR (CONSUMER AFFAIRS),1
ASSOCIATE YOUTH DEVELOPMENT SPECIALIST,1
ADMINISTRATIVE BUSINESS PROMOTION COORDINATOR,225
Computer Associate (Operations),2
Transit Electro-Mechanical Maintainer H & AC,2
ADMINISTRATIVE INSPECTOR (BUILDINGS),125
ASSOCIATE JUVENILE COUNSELOR,169
BRIDGE AND TUNNEL LIEUTENANT,103
STATISTICIAN,531
BRIDGE REPAIRER AND RIVETER,53
RADIO REPAIR MECHANIC,793
PLUMBER,4983
CHILD PROTECTIVE SPECIALIST,20882
COMPUTER ASSOCIATE (TECHNICAL SUPPORT),100989
SENIOR STATIONARY ENGINEER,270
CHILD PROTECTIVE SPECIALIST SUPERVISOR,5297
SUPERVISOR OF MECHANICS (MECHANICAL EQUIPMENT),1030
LANDSCAPE ARCHITECT,100
CUSTODIAN,1827
MAINTENANCE SUPERVISOR (REVENUE),366
PROGRAM SPECIALIST (CORRECTION),2788
CONSTRUCTION LABORER,516
CONGREGATE CARE SPECIALIST (40 HOUR WEEK) FOR DJJ EMPS ONLY,293
CIVIL ENGINEERING INTERN,1096
VENTILATION AND DRAINAGE MAINTAINER,101
ASSOCIATE RAILROAD SIGNAL SPECIALIST (OPERATIONS),23
HIGH PRESSURE PLANT TENDER,1463
INSPECTOR (LOW PRESSURE BOILERS),12
SYSTEM SAFETY SPECIALIST (TRANSIT AUTHORITY),53
LABORATORY MICROBIOLOGIST,9
ADMINISTRATIVE HOUSING SUPERINTENDENT,41
ADMINISTRATIVE CONSTRUCTION PR,17
COLLEGE AIDE (ALL CITY DEPTS),62
ASSISTANT CORPORATION COUNSEL,10
ADMINISTRATIVE  PROGRAM OFFICE,15
RESEARCH PROJECTS COOR(MA)-MGR,57
TELECOMMUNICATION MANAGER,7
ADMINISTRATIVE MANAGEMENT AUDI,8
ADMINISTRATIVE PUBLIC INFORMAT,3
INVESTIGATOR(DISCP)(ONLY FOR P,8
ADM CITY PLANNER (NON MGRL),2
MEDICOLEGAL ANALYST (LAW DEPT),4
MEDICOLEGAL INVESTIGATOR (OCME,4
Associate Park Service Worker,9
Promotion to Chief Marine Engineer,2
Promotion to Dispatcher (Rapid Transit Operations),1
Bridge Operator,3
Associate Project Manager,12
Inspector (Elevator),2
Promotion to Supervisor (Watershed Maintenance),2
Plasterer,11
Supervising Special Officer,2
Transit Electro-Mechanical Maintainer V & D,1
SECRETARY TO PUBLIC ADMINISTRA,1
NURSE PRACTITIONER(DEPT HEALTH,3
CONFIDENTIAL AGENCY INVESTIGAT,3
INVESTMENT TRUSTEE - DEFERRED,1
EXECUTIVE DIRECTOR (FDNY PENSI,2
Associate Commissioner (DOITT),1
ADMINISTRATIVE SPACE ANALYST,20
STENOGRAPHER TO EACH DEPUTY CO,1
PURCHASING AGENT,3
SENIOR SALVAGE APPRAISER,1
PSYCHOMETRICIAN,1
CONFIDENTIAL SECRETARY (KINGS,1
SECRETARY OF COMM(7 AGENCIES),2
COMMISSIONER (NOT FULL-TIME),1
COMMISSIONER OF EMERGENCY MANA,1
FIRST DEPUTY COMMISSIONER (DOC,1
DIRECTOR OF TECHNOLOGY DEVELOP,1
ESTIMATOR (ELECTRICAL),2
PROJECT MANAGER (DBS),1
COUNSEL TO THE SHERIFF,1
COUNCIL MEMBER,1
LEGISLATIVE ASSISTANT,1
TITLE EXAMINER,1
PRINCIPAL TITLE EXAMINER,8
INSPECTOR (ELECTRICAL FOR PAYR,2
APPRENTICE (PAINTER),1
DIRECTOR OF AUDIT AND INVESTIG,1
CHIEF SCHOOL BUSINESS EXECUTIV,1
PARKING CONTROL SPECIALIST,1
STAFF AUDIOLOGIST,1
DEPUTY COMMISSIONER (JUVENILE,1
ASSISTANT DIR OF ADMINISTRATIO,1
CORRECTIONAL STANDARDS REVIEW,2
DIRECTOR OF HEALTH & SAFETY (S,1
ASSOCIATE SCHOOL FOOD SERVICE,1
SENIOR SCHOOL-NEIGHBORHOOD WOR,2
SENIOR INSTITUTIONAL TRADES IN,1
PUPPETEER,5
PRESS OFFICER (OFFICE OF THE M,2
ASSISTANT CHIEF OF DEPARTMENT,1
SUPERVISING FIRE ALARM DISPATC,2
ASSOCIATE SANITATION ENFORCEME,3
DIRECTOR OF CONTRACT ADMINISTR,1
ASSISTANT RESIDENT BUILDING SU,1
PLANNER: PRODUCTION CNTRL & SC,1
HOUSING EXTERMINATOR-AL II & I,2
REPAIR SHOP MANAGER (HDA),1
RIGGER,1
CRANE OPERATOR (ANY MOTIVE POW,1
SUPERVISOR SHIP CARPENTER,1
LEGISLATIVE COORDINATOR,1
COMPUTER SYSTEM MANAGER (BOARD,1
CHAIRMAN GENERAL WELFARE COMMI,1
STENOGRAPHIC/SECRETARIAL ASSOC,1
SECRETARY TO DIRECTOR COUNCIL,1
EXECUTIVE DIRECTOR (FISA),1
CHAIR-LANDMARKS PRESERVATION C,1
EXECUTIVE DIRECTOR (LANDMARKS,1
COMMISSIONER OF HOMELESS SERVI,1
ASSOCIATE STAFF ANALYST (PUBLI,1
DIRECTOR OF COMMUNICATIONS (PU,1
CHIEF STRATEGY OFFICER (BUILDI,1
FIRST DEPUTY COMMISSIONER (ACS,1
DIRECTOR OF LGBTQ AND GENDER E,1
EXECUTIVE ASST TO THE COMMISSI,1
MEDICAL DIRECTOR (SANITATION),1
DEPUTY COMMISSIONER (FINANCE),1
ASSISTANT COMMISSIONER (TAX PR,1
ASSISTANT COUNSEL (TAX COMMISS,1
DEPUTY COUNSEL (DCA),1
DIRECTOR (OFFICE OF REHABILITA,1
ASSISTANT DIRECTOR OF FORENSIC,1
ASSISTANT COMMISSIONER (ENERGY,1
ASSISTANT COMMISSIONER (GOVERN,1
SECRETARY TO THE HUMAN RESOURC,1
GENERAL COUNSEL (DGS),1
BOROUGH COMMISSIONER (PARKS AN,1
ASSISTANT COMMISSIONER (TRANSP,1
ASSISTANT COMMISSIONER (PVB-DE,1
INSPECTOR (PLASTERING),1
QUALITY ASSURANCE SPECIALIST (METALS),1
SENIOR PAINTING INSPECTOR,1
SENIOR PIPE LAYING INSPECTOR,1
SUPERVISOR OF TRACTOR OPERATORS,1
TRANSIT PROPERTY PROTECTION SUPERVISOR,82
PHYSICIAN'S ASSISTANT,1
EXECUTIVE SECRETARY (TBTA),6
TRANSIT CUSTOMER SERVICE SPECIALIST,7
Principal Administrative Associate (Promotion),2
Certified IT Administrator (LAN/WAN),1
Plan Examiner (Buildings),1
Captain (Police) (PROM),1
DEPUTY OPERATION SUPPORT MANAG,1
EXECUTIVE DIRECTOR OF FOOD SER,1
ASST DIRECTOR OF INTERGOVERMEN,1
CHAUFFEUR-ATTENDANT (BOARD OF,1
ASSISTANT RACKETS INVESTIGATOR,1
SYSTEMS ADMINISTRATOR-CAM FIN,3
FAMILY PUB HEALTH NURSE (HMH),3
SECRETARY TO THE DEPUTY CHAIR,1
PUBLIC HEALTH/PREVENTIVE MEDIC,3
ASSISTANT COMMISSIONER (CULTUR,2
ADMINISTRATIVE ENGINEER,35991
ADMINISTRATIVE EDUCATION OFFI,1
OFFICE ASSISTANT,2
Director of Admin (DSS only),1
OFFICE MACHINE AIDE,413
STOCK WORKER,10584
SUPERVISOR OF HOUSING STOCK WO,3
SECRETARY TO THE DEPARTMENT,1
FIRST DEPUTY CITY ADMINISTRATO,1
ASSISTANT TO DEPUTY COMPTROLLE,1
LABOR RELATIONS ANALYST,1625
*CERTIFIED APPLICATIONSDEVELOP,4
*SENIOR ESTIMATOR (MECHANICAL),1
CIVIL ENGINEER,4989
ASSISTANT CHEMICAL ENGINEER (C,1
ASSISTANT ENVIRONMENTAL ENGINE,5
DEPUTY DIRECTOR OF DESIGN,1
COUNSEL (DEPARTMENT OF CORRECT,1
COUNSEL (BOARD OF STANDARDS AN,1
SENIOR SERVICE INSPECTOR (DOT),2
DIRECTOR OF MORTGAGE RESEARCH,1
CONTRACT REVIEWER (OFFICE OF L,7
PARKING CONTROL SPECIALIST TRA,2
SENIOR POLICY ADVISOR (DDC),1
NUTRITIONIST (PART-TIME),1
NUTRITION CONSULTANT,9
ASSOCIATE CORRECTIONAL COUNSEL,2
DIRECTOR OF MEDICAL ASSISTANCE,1
CITY DEPUTY MEDICAL DIRECTOR,1
AGENCY MEDICAL DIRECTOR,3
AGENCY DEPUTY MEDICAL DIRECTOR,1
EMERGENCY MEDICAL SPECIALIST-E,1
SUPERVISING HUMAN RIGHTS SPECI,1
INSTITUTI0NAL TEACHER (JUVENIL,2
DIRECTOR OF NEWS BUREAU,1
SERGEANT D/A SUPERVISOR DETECT,1
CHIEF FIRE MARSHAL (UNIFORMED),1
WARDEN-DEPUTY WARDEN,1
TRAFFIC ENFORCEMENT AGENT L3&4,2
DIRECTOR OF METHODS & ANALYSIS,1
DIRECTOR OF GENERAL SERVICES (,1
PROPERTY CLERK,1
SUPERINTENDENT OF LAUNDRIES,2
ELEVATOR STARTER,1
CLIMBER & PRUNER,4
ELEV MECHANIC'S HELPER TRAINEE,1
CIVILIANIZATION MANAGER-PD,2
AGENCY CHIEF CONTRACTING OFFIC,1
TELECOMMUNICATIONS MANAGER (NO,3
ADMINISTRATIVE HOUSING DEVELOP,1
ADMINISTRATIVE DIRECTOR OF MAR,1
LICENSED BARBER (CORRECTION),1
SUPERVISOR (PEST CONTROL),3
REPAIR CREW WORKER (HDA),1
PHOTOGRAPHER AND PHOTOSTAT OPE,2
LOCKSMITH,49
ROOFER,199
ASSISTANT CAPTAIN,1
MARINE ENGINEER,38
BRIDGE PAINTER,17
CARPENTER,3075
COMPOSITOR (JOB),4
BRICKLAYER,1
SUPERVISOR OF IRONWORK,2
SUPERVISOR HIGHWAY REPAIRER,723
FURNITURE MAINTAINER'S HELPER,1
DEPUTY PERSONNEL ASST COUNCIL,1
LEGISLATIVE SYSTEMS MANAGER (C,1
LEGISLATIVE ADMINISTRATIVE MAN,1
ASSOCIATE STAFF ANALYST(BOARD,1
TECHNICAL SUPPORT SPECIALIST(B,1
RESEARCH ANALYST (NYCDC),1
PRINCIPAL INVESTIGATOR (PUBLIC,1
DIRECTOR OF COMMUNITY PROGRAMS,1
DEPUTY COMMISSIONER FOR DEP PO,1
ASSISTANT COMMISSIONER (ADM SE,1
CITY COLLECTOR,1
DEPUTY COUNSEL (EVALUATION AND,1
ASSISTANT COMMISSIONER (IN REM,1
EXECUTIVE DIRECTOR (PROGRAM &,1
EXECUTIVE DIRECTOR OF HEALTHCA,1
ASSISTANT COMISSIONER FOR FAMI,1
DEPUTY DIRECTOR OF HEADSTART P,1
DEPUTY COMMISSIONER (TRANSPORT,1
EXECUTIVE SECRETARY (HMH),1
WORKERS' COMPENSATION BENEFITS EXAMINER,351
ASSISTANT RETIREMENT BENEFITS EXAMINER,1043
CLIMBER AND PRUNER,69
SUPERVISING ASSOCIATE CASHIER (TRANSIT AUTHORITY),174
STATION AGENT,17338
TRANSIT PROPERTY PROTECTION AGENT,3205
SUPERVISOR STEAM FITTER,14
POWER MAINTAINER, GROUP B
ADMINISTRATIVE REAL PROPERTY MANAGER,9
PRINCIPAL TRANSIT MANAGEMENT ANALYST,175
CERTIFIED IT DEVELOPER (APPLICATIONS),4093
EMERGENCY MEDICAL SPECIALIST TRAINEE,14282
STRUCTURE MAINTAINER - GROUP E,551
Computer Associate (Technical Support) (PROM),2
Principal Administrative Associate,25
Emergency Medical Specialist - EMT (Fire),11
Promotion to Administrative Staff Analyst,9
Associate Job Opportunity Specialist (PROM),1
Principal Administrative Associate (PROM),1
Promotion to Administrative Manager,6
Electrician,11
Emergency Medical Specialist - Paramedic (Fire),1
Transit Property Protection Agent,2
Public Health Nurse(School Health),1
ASSOCIATE INSPECTOR (ELEVATOR),4
ASSOCIATE INSPECTOR (HIGHWAYS AND SEWERS),33
EMERGENCY MEDICAL SPECIALIST - PARAMEDIC,1
Watershed Maintainer,2
Railroad Stock Worker,26
ADMINISTRATIVE TAXI AND LIMOUSINE INSPECTOR,14
ASSOCIATE SANITATION ENFORCEMENT AGENT,189
ASSOCIATE SUPERVISOR OF SCHOOL SECURITY,117
ASSOCIATE URBAN PARK RANGER,353
OCCUPATIONAL THERAPIST (DOE),3580
PLAN EXAMINER (BUILDINGS),86
SUPERVISOR (WATERSHED MAINTENANCE),555
REVENUE EQUIPMENT MAINTAINER,690
INVESTIGATOR,8934
EMERGENCY MEDICAL SPECIALIST-EMT,24181
LIGHT MAINTAINER,802
TRAIN SERVICE SUPERVISOR,3571
CONDUCTOR,167063
GENERAL SUPERINTENDENT (SANITATION),605
SUPERVISING EMERGENCY MEDICAL SERVICE SPECIALIST,1592
POWER ELECTRONIC MAINTAINER,16
CRIME ANALYST,366
ENGINEERING TECHNICIAN,393
ASSOCIATE EDUCATION ANALYST,1022
ASSOCIATE RETIREMENT BENEFITS EXAMINER,975
ADMINISTRATIVE LABOR RELATIONS ANALYST,624
FERRY TERMINAL SUPERVISOR,13
CERTIFIED IT ADMINISTRATOR (DATABASE),2814
TRACK WORKER,48832
PROJECT MANAGER,1757
YOUTH DEVELOPMENT SPECIALIST,413
ADMINISTRATIVE DIRECTOR OF RESIDENTIAL CHILD CARE,32
SUPERVISING HOUSING GROUNDSKEEPER,272
COLLEGE AIDE - ASSIGNMENT LEVE,8
ADMIN CONTRACT SPECIALIST (PYR,8
PRINCIPAL ADMINISTRATIVE ASSOC,57
DIRECTOR OF CORRECTIONAL STAND,8
CONFIDENTIAL STRATEGY PLANNER,19
ADMIN COMMUNITY RELATIONS SPEC,7
SENIOR DETECTIVE INVESTIGATOR,4
ADMINISTRATIVE BUSINESS PROMOT,10
QUALITY ASSURANCE SPECIALIST (,13
SUPERVISING PUBLIC HEALTH ADVI,6
INVESTIGATOR (EMPLOYEE DISCIPL,25
Correction Officer,706
Administrative Community Relations Specialist,33
Procurement Analyst,81
Supervisor (Stations),2
Promotion to Housing Manager,4
Associate Transit Management Analyst,2
Structure Maintainer Group A,4
Administrative Staff Analyst (PROM),2
Investigator,21
Emergency Medical Specialist - (EMT),2
Management Auditor Trainee,16
Program Evaluator (ACS),1
Custodian Engineer,3
RESEARCH AND LIAISON COORDINAT,3
CONFIDENTIAL ASSISTANT TO BORO,1
PLAYGROUND ASSOCIATE,1
BUDGET ANALYST (COMPTROLLER),1
COMMISS OF THE OFF TO END DOME,1
SENIOR ADVISOR TO THE MAYOR (M,1
ADMINISTRATIVE GRAPHIC ARTIST,11
ADMINISTRATIVE SUPERVISOR OF S,1
SUPERINTENDENT OF WATER AND SE,1
EXECUTIVE DIRECTOR (LABOR RELA,1
DEPUTY EXECUTIVE DIRECTOR (NYC,2
CONFIDENTIAL SECRETARY,2
*ASSISTANT COORDINATINGMANAGER,1
CONFIDENTIAL SECRETARY (SPECIA,1
*PROCUREMENT ANALYST LEVEL III,1
*ASSISTANT SYSTEMS ANALYST (FI,1
SECRETARY TO DEPARTMENT,1
SECRETARY TO THE PRESIDENT,1
SECRETARY TO PRESIDENT OF THE,1
ASSISTANT COMMISSIONER (EQUAL,2
DEPUTY COMMISSIONER,3
SECRETARY TO COUNSEL (HA),1
CHAIRMAN COMMISSION ON HUMAN R,1
ASSISTANT TO THE COMPTROLLER,1
SPECIAL ASSISTANT (BOE),1
DEPUTY DIRECTOR (OFFICE OF COL,1
COMMISSIONER, UN & CONSULAR CO
ASSISTANT COMMISSIONER OF LABO,1
*CERTIFIED DATABASE ADMINISTRA,4
ARCHITECTURAL INTERN,28
LABORATORY ASSOCIATE,300
ASSISTANT COUNSEL-PD,1
COUNSEL (DEPARTMENT OF CONSUME,1
LEGAL ANALYST,1
LEGISLATIVE CLERK,1
DIRECTOR OF ALT SENTENCE,1
DIRECTOR OF FEDERAL AND STATE,1
SIGN LANGUAGE INTERPRETER (DOE,10
SPECIAL ASST FOR INVESTIGATION,1
Associate Air Pollution Inspr,3
ASSOC WATER USE INSPECTOR-MGRL,1
EXAMINER OF ACCOUNTS,2
ASSISTANT COMPTROLLER OF IT,1
CONSULTANT PUBLIC HEALTH NURSE,7
ASST COMMISSIONER FOR NON-SECU,1
DIRECTOR (CRIMINAL JUSTICE COO,1
PROJECT PLANNER (CRIMINAL JUST,1
Special Assistant to the Direc,1
SUPERVISOR OF CHILD CARE,2
CONGREG CARE SPEC-ACS(35 HR WK,2
OPTOMETRIST (PART TIME),1
CITY MEDICAL SPECIALIST,4
SENIOR SCHOOL LUNCH AIDE,2
COMMISSARY MANAGER,5
CONSULTANT ON RACE RELATIONS,1
ADDICTION SPECIALIST (METHADON,1
PUBLIC RELATIONS ADVISER,2
POLICE OFFICER D/A DETECTIVE 3,1
LIEUTENANT D/A COMMANDER OF DE,1
CAPTAIN DETAILED AS CHIEF OF L,1
TRAFFIC ENFORCEMENT AGENT L1&2,2
DIRECTOR OF PLANT OPERATIONS &,1
*HOUSING CARETAKER (HA),1
SCHOOL AIDE,1
FAMILY AUXILIARY,1
COOK,1
APPRENTICE (CONSTRUCTION LABOR,1
CHAUFFEUR-ATTENDANT,2
DIRECTOR (DIVISION OF DESIGN A,1
MATE (DEP),3
SUPERVISOR BRIDGE PAINTER,1
PRINTING PRESS OPERATOR,72
DEPUTY ADMINISTRATION ASSISTAN,1
ACCOUNTANT (BOARD OF ELECTIONS,1
TEMPORARY CLERK (CITY COUNCIL),1
LEGISLATIVE ADMINISTRATIVE ASS,1
LEGISLATIVE POLICY ANALYST (CI,1
CHIEF OF STAFF (CITY COUNCIL),1
DIRECTOR OF LAND USE DIVISION,1
COMMUNICATION FIELD MANAGER (N,1
EXECUTIVE DIRECTOR OF EQUITY S,1
FIRST DEPUTY COMMISSIONER (BIC,1
EXECUTIVE CHIEF OF STAFF (DEP),1
ASSISTANT COMMISSIONER (LABORA,1
DEPUTY CHIEF CITY MEDICAL EXAM,1
DIRECTOR OF MANAGEMENT & PLANN,1
DIRECTOR OF NEIGHBORHOOD CONSE,1
DEPUTY DIRECTOR OF LABOR RELAT,2
DIRECTOR OF INTERAGENCY PLANNI,1
GENERAL COUNSEL (HOMELESS SVCS,1
EXECUTIVE DIRECTOR OF PROFESSI,1
DEPUTY GENERAL COUNSEL (DDC),1
ASSISTANT COMMISSIONER FOR MAN,1
ASSISTANT COMMISSIONER (SOCIAL,1
DEPUTY COMMISSIONER (SPECIAL S,1
DIRECTOR OF ADVOCACY (SSC-DOSS,1
SERVICE AIDE,1
2 of 4,1
SENIOR INSPECTOR OF FIRE ALARM BOXES,1
ADMINISTRATIVE BOROUGH SUPERINTENDENT,10
Statistician,16
Call Center Representative,2
Estimator(General Construction),1
Promotion to Stationary Engineer (Electric),1
Estimator (General Construction),2
Promotion to General Superintendent (Sanitation),2
Inspector (Plumbing),1
SENIOR RACKETS INVESTIGATOR (B,1
DIRECTOR OF CRISIS ASSISTANCE,2
SECRETARY OF COMMISSIONER (CDC,1
SENIOR POLICY ADVISOR TO THE M,1
ADMINISTRATIVE HORTICULTURIST,49
ADMINISTRATIVE ASSISTANT TO TH,2
SECRETARY TO DISTRICT ATTORNEY,1
CLERICAL AIDE,10691
CASHIER,1072
EXEC SEC TO ADVISORY BD FOR LO,1
SECRETARY OF THE AUTHORITY,1
SECRETARY TO THE COMMISSIONER,5
ASSISTANT SECRETARY TO THE COM,2
SECRETARY TO THE COMPTROLLER,1
CITY CLERK & CLERK OF COUNCIL,1
CONFIDENTIAL ASSISTANT TO BOAR,1
EXECUTIVE ASSISTANT TO THE MAY,1
EXECUTIVE ASSISTANT (BUILDINGS,1
COMPUTER ASSOC (SOFTWARE),28
COMPUTER PROGRAMMER ANALYST,10460
CERTIFIED IT ADMINISTRATOR (LA,25
ASSOCIATE OPERATIONS COMMUNICA,2
GEOLOGIST,90
ASSISTANT URBAN DESIGNER,12
DIRECTOR BOROUGH IMPROVEMENT B,1
ASSOCIATE URBAN DESIGNER,29
AREA DIRECTOR OF NEIGHBORHOOD,1
PROJECT MANAGER INTERN#,7
ASSOCIATE COUNSEL (OLR),1
LEGISLATIVE ATTORNEY,1
SUPERVISING ACCOUNTANT INVESTI,1
LEAD ABATEMENT WORKER,56
INSPECTOR (MULTI-DISCIPLINE),3
REHABILITATION SPECIALIST (HPD,1
SERVICE INSPECTOR (BOARD OF ED,1
CONSTRUCTION PROJECT MANAGER I,1
CONSTRUCTION PROJECT MANAGER,1742
ASSOCIATE DIRECTOR (OMB),1
INSURANCE ADVISOR,3
ACCOUNTANT,8225
ASSOCIATE PARKING CONTROL SPEC,2
SENIOR POLICY ADVISOR (BUILDIN,1
DIRECTOR OF PUBLIC INFORMATION,7
City Mortuary Technician,1
CHIEF ADMINISTRATOR OF IMPARTI,1
MEDICAL SPECIALIST,1
FIRE MEDICAL OFFICER,1
FIRE MEDICAL OFFICER (MGR DET),1
EQUAL RIGHTS COMPLIANCE SPECIA,2
PRINCIPAL SCHOOL-NEIGHBORHOOD,1
SPECIAL ASSISTANT TO THE FIRE,1
BUSINESS PROMOTION COORDINATOR,2372
POLICE OFFICER (RECURRING NIGH,1
CAPTAIN DETAILED AS CHIEF OF T,1
CAPTAIN-CHIEF OF INTELLIGENCE,1
SUPERVISING SPECIAL OFFICER,1013
DIRECTOR OF SECURITY (HRA/DSS,1
DIRECTOR OF INFORMATION SYSTEM,1
DIRECTOR OF HUD ACQUIRED PROPE,1
RESIDENT BUILDING SUPERINTENDE,6
*ASSISTANT MAINTENANCE SUPERVI,1
ASSOCIATE PARK SERVICE WORKER,1498
CHIEF DOCKMASTER,1
ADM PROC ANAL-NM FRM M1-3,2
REPAIR CREW CHIEF (HDA),7
CITY LABORER,5
RUBBER TIRE REPAIRER,59
SUP TRAFFIC DEVICE MAINT L1,1
WATER TREATMENT PLANT OPERATOR,3
CHIEF MARINE ENGINEER (DC),1
SUPERVISOR ELECTRICIAN,271
BOOKBINDER,4
MASONS HELPER,1
SUPERVISOR BRICKLAYER,1
HIGHWAY REPAIRER,321
COUNCIL MEMBER AIDE,1
DIRECTOR OF EQUIPMENT (BOARD O,1
FINANCIAL CLERK (BOARD OF ELEC,1
DIRECTOR, PERSONNEL AND BUDGET
COORDINATOR, VOTER REGISTRATIO
SENIOR LEGISLATIVE INVESTIGATO,1
LEGISTATIVE MANAGER-OFFICE OF,1
DISTRICTING COMMISSION SECRETA,1
DEPUTY COUNSEL (NYCDC),1
OFFICE ASSISTANT (PUBLIC ADVOC,1
EXECUTIVE DIRECTOR (OPA),1
CONFIDENTIAL ASST TO THE EXECU,2
ASSOCIATE COMMISSIONER OF POLI,1
ASSOCIATE COMMISSIONER FOR JUV,1
DIRECTOR OF EQUAL EMPLOYMENT O,1
DEPUTY COMMISSIONER COMMUNICAT,1
COUNSEL (DEPT OF ENVIRONMENTAL,1
EXECUTIVE DIRECTOR TO THE ENVI,1
ASSISTANT COMMISSIONER (AUDIT),1
COUNSEL (TAX COMMISSION),1
EXECUTIVE DEPUTY SHERIFF (FINA,1
DIRECTOR OF ADMINISTRATIVE TRI,1
CHIEF CITY MEDICAL EXAMINER,1
ASSOCIATE CHIEF CITY MEDICAL E,1
DIRECTOR (BUREAU OF ALCOHOLISM,1
EXEC ASST TO THE DEPUTY COMMIS,1
GENERAL COUNSEL (DCAS),1
DIRECTOR OF EEO (HOMELESS SVCS,1
ASSOC ADM FOR PURCHASING MATER,1
DIRECTOR OF INTERNAL AUDITING,1
GENERAL COUNSEL (HRA),1
SENIOR IT ARCHITECT,21
ASS COMMISSIONER DESIGN AND CO,1
DIR OF HOME CARE SERVICES/FAMI,1
ASSISTANT COMMISSIONER (TRAFFI,1
POLICE OFFICER,198553
SUPERVISING FIRE MARSHAL (UNIFORMED),135
ASSISTANT SUPERINTENDENT OF WELFARE SHELTERS,605
ADMINISTRATIVE STAFF ANALYST,29239
HEATING PLANT TECHNICIAN (HOUSING AUTHORITY),1415
TRAIN OPERATOR,79609
HIGHWAY TRANSPORTATION SPECIALIST,612
ADMINISTRATIVE PARK AND RECREATION MANAGER,324
ADMINISTRATIVE FIRE PROTECTION INSPECTOR,5
MAINTENANCE SUPERVISOR (ELEVATORS AND ESCALATORS),91
Computer Associate (Technical Support),37
Juvenile Counselor,11
Promotion to Principal Administrative Associate,9
High Pressure Plant Tender,1
Associate Public Records Officer,1
Real Property Manager,2
Administrative Investigator,17
Custodian,4
Civil Engineering Intern,16
Promotion to Maintenance Supervisor (Surface),1
Associate School Food Service Manager,1
Police Communications Technician (PCT),4
Car Maintainer - Group B,3
Inspector (Contruction),1
Computer Aide,27
PUBLIC HEALTH ADVISER (SCHOOL HEALTH),1403
APPRAISER (PERSONAL PROPERTY),1
ASSOCIATE INSPECTOR (LOW PRESSURE BOILERS),1
CONGREGATE CARE SPECIALIST,1
ASSOCIATE LABOR RELATIONS ANALYST,13
Sanitation worker,1
Computer Specialist software,2
Elevator Mechanic,1
Transit Electro-Mechanical Maintainer - El & Esc,1
APPRAISER (REAL ESTATE),7
ASSOCIATE REAL PROPERTY MANAGER,31
BRIDGE AND TUNNEL SERGEANT,260
SUPERVISOR (STATIONS),1794
INSPECTOR (ELEVATOR),38
CAR INSPECTOR,3088
PUBLIC HEALTH SANITARIAN,760
MAINTENANCE SUPERVISOR (STORES),760
HOUSING STOCK WORKER,1618
SUPERVISOR III (SOCIAL SERVICES),542
COLLECTING AGENT,856
STRUCTURE MAINTAINER - GROUP A,1038
ASSOCIATE TRANSIT MANAGEMENT ANALYST,152
SIGNAL MAINTAINER TRAINEE,137
MAINTENANCE SUPERVISOR (ELECTRICAL POWER),277
ASSOCIATE TRANSIT CUSTOMER SERVICE SPECIALIST,34
ADMINISTRATIVE RETIREMENT BENEFITS SPECIALIST,147
RADIO AND TELEVISION OPERATOR,30
CITY RESEARCH SCIENTIST,106
IT AUTOMATION AND MONITORING E,23
DEPUTY COMMISSIONER (DOC),11
ESTIMATOR (GENERAL CONSTRUCTIO,4
*SENIOR ESTIMATOR (GENERAL CON,5
COMMUNITY ASSISTANT,12
ECONOMIST,25
COMPUTER ASSOC (OPERATIONS),16
CONFIDENTIAL INVESTIGATOR,27
CYBER SECURITY ANALYST,16
EXECUTIVE PROGRAM SPECIALIST (,30
ASSOCIATE CHEMIST,177
GRAPHIC ARTIST,9
SCIENTIST (WATER ECOLOGY),5
Administrative Director of Social Services,38
Caseworker,4
Eligibility Specialist,4
Job Opportunity Specialist,2
Associate Education Analyst,4
EMPLOYEE HEALTH BENEFITS PROGR,1
EXECUTIVE ADMINISTRATOR OF GRA,1
DIR OF ADMINISTRATION, WORKER'
CONFIDENTIAL INVESTIGATOR (CON,6
SPECIAL EXAMINER (DCAS),1
DEPUTY COMMISSIONER FOR POLICY,1
ADMINISTRATIVE EDUCATION ANALY,2
ADMINISTRATIVE PUBLIC HEALTH N,2
ADM LNDMRK PRESERVATIONIST NM,1
ADMINISTRATIVE TRAFFIC ENFORCE,1
ADM TRAFFIC ENFRCMNT AGENT-DIR,1
ADMINISTRATIIVE TAXI & LIMOUSI,1
HIGH SCHOOL STUDENT AIDE,1
LEGISLATIVE ANALYST,1
*SUPERVISING SYSTEMS ANALYST,1
DIRECTOR EMPLOYEE MANAGEMENT D,1
SECRETARY TO THE PUBLIC ADMINI,1
BOROUGH PRESIDENT,2
ASST TO THE CHAIRMAN (COMM HUM,1
MEDIATOR (OLR),1
DIRECTOR OF DEVELOPMENT (HA),1
ASSOCIATE DIRECTOR, BOROUGH IM
MULTIPLE DWELLING SPECIALIST (,3
COUNSEL (BOARD OF CORRECTION),1
COUNSEL TO THE BOARD OF ESTIMA,1
DIRECTOR OF CRIME STRATEGIES,1
CHIEF RACKETS INVESTIGATOR,2
DIRECTOR OF CORRUPTION ANALYSI,1
INVESTIGATOR (DISCIPLINE) ACS,3
SAFETY SPECIALIST,1
ASSOCIATE INSPECTOR (LOW PRESS,1
ACTUARIAL SPECIALIST LEVEL II,
FIRST DEPUTY COMPTROLLER,1
PRINCIPAL NUTRITION CONSULTANT,1
NURSES AIDE,2
X-RAY TECHNICIAN,12
GENERAL COUNSEL(CRIMINAL JUSTI,1
EXECUTIVE DIR OF ADMINISTRATIO,1
SENIOR CITIZEN AIDE (PART TIME,1
HEALTH OFFICER IN TRAINING,1
SR ADDICTION SPEC METHADONE,1
SUBSTANCE ABUSE PREVENTION & I,3
DIRECTOR OF SOCIAL & COMMUNITY,1
ELECTION AIDE (OFFICE OF COLLE,1
DIRECTOR, MAYOR'S RECEPTION CO
DIRECTOR OF BUREAU OF CONSUMER,1
SERGEANT D/A SPECIAL ASSIGNMEN,1
CAPT DET CHIEF OF INTERNAL AFF,1
CAPTAIN: CHIEF OF TRANSPORTATI,1
CAPTAIN DETAILED AS CHIEF OF S,1
ENVIRONMENTAL POLICE OFFICER-M,1
PRINCIPAL POLICE COMMUNICATION,3
PRINCIPAL CUSTODIAL SUPERVISOR,1
ADMINISTRATIVE LA GUARDIA MANA,1
FILM INSPECTION ASSISTANT,1
ASSISTANT MEDIA SERVICES TECHN,1
DIRECTOR (DIVISION OF MAINTENA,1
ASPHALT PLANT MANAGER (DOT),1
SUPERVISOR THERMOSTAT REPAIR,1
HORSESHOER,4
ATTENDANT (BOARD OF ELECTIONS),1
EXECUTIVE DIRECTOR (BOARD OF E,1
KEYPUNCH OPERATOR/TABULATOR OP,1
DIRECTOR OF PROBATION,1
COMMISSIONER OF SANITATION,1
DEPUTY DIRECTOR (CITY COUNCIL),1
COMPUTER SPECIALIST (SOFTWARE,4
EXECUTIVE DIRECTOR, CITYWIDE E
EXECUTIVE DIRECTOR, SPECIAL PR
CHIEF SERVICE OFFICER OF NYC S,1
CHIEF OF STAFF (FDNY PENSION F,1
GENERAL COUNSEL (DBS),1
DEPUTY COMMISSIONER OF INVESTI,1
DIRECTOR OF INVESTIGATIONS (BI,1
DIRECTOR OF MOTOR EQUIPMENT (E,1
COUNSEL (DEPARTMENT OF FINANCE,1
ASST COMMISSIONER (PROFESSIONA,1
Asst Comm-Prgm Dev Revw-HMH,1
ASSISTANT COMMISSIONER (NEIGHB,1
ASSISTANT COMMISSIONER (CHILD,1
SPECIAL ASSISTANT TO THE FIRST,1
DIRECTOR OF COMMUNITY ENGAGEME,1
ASSIST COMMISSIONER FOR POLICY,1
DIRECTOR OF  EXERCISES AND TRA,1
PATIENT CARE TECHNICIAN,1
PIPE LAYING INSPECTOR,1
QUALITY ASSURANCE SPECIALIST (FUEL),1
QUALITY ASSURANCE SPECIALIST (PUPIL TRANSPORTATION),1
QUALITY CONTROL SPECIALIST,2
TELECOMMUNICATIONS MANAGER,12
ADMINISTRATIVE DIRECTOR OF LABORATORY (WATER QUALITY),5
Police Officer (Promotional),2
Fire Fighter,1
Inspector (Construction),5
Emerg.Med. Spec.-Paramedic (Fire),1
Psychologist,1
FISCAL AND POLICY ANALYST (BP,2
DIRECTOR OF NEIGHBORHOOD PARK,1
INCINERATOR FACILITY MANAGER (,1
DIRECTOR OF OFFICE FOR PEOPLE,1
Executive Program Specialist (,3
ADMINISTRATIVE FIRE PROTECTION,2
ADM LANDSCAPE ARCHITECT (NM),1
ADMINISTRATIVE PUBLIC RECORDS,3
ADMINISTRATIVE REAL PROPERTY M,2
ADMIN TRAFFIC ENFRCMNT AGENT (,1
ADMINISTRATIVE TAX AUDITOR (NO,2
ADMINISTRATIVE SCHOOL FOOD SER,1
ADMIN TESTS & MEAS SPEC (MGRL),1
HEALTH SERVICES MANAGER NON MA,4
DIRECTOR OF COUNCIL SERVICES B,1
DEPUTY EXECUTIVE DIRECTOR (CIT,1
CHIEF LAW STENOGRAPHER (DA),1
ASSISTANT COMMISSIONER (BUDGET,1
VICE CHAIRMAN MAJORITY LEADER,1
MEMBER OF THE HOUSING AUTHORIT,1
CONFIDENTIAL ASSISTANT TO THE,2
DEPUTY COMMISSIONER OF LABOR R,1
ESTIMATOR (MECHANICAL),2
SURVEYOR,4
SCIENTIST (RADIATION CONTROL),3
PHYSICIST,4
DEPUTY COUNSEL (HA),1
COUNSEL TO THE CHANCELLOR,1
SERGEANT AT ARMS,1
DIRECTOR OF ELDER ABUSE PROG,1
INTERPRETER (SPANISH),38
CONFIDENTIAL INVESTIGATOR (BOE,1
SUPERVISOR OF INVESTIGATORS (C,2
WATER USE INSPECTOR,297
WORKER'S COMPENSATION BENEFITS,4
BOOKKEEPER,7052
MENTAL HEALTH WORKER,2
SENIOR MENTAL HEALTH WORKER,23
CHILDREN'S COUNSELOR (PER DIEM,1
SENIOR CONSULTANT (PUBLIC HEAL,1
FORENSIC MORTUARY TECHNICIAN-C,1
CITY CLINICIAN,3
CITY MEDICAL DIRECTOR,1
EMERGENCY MEDICAL SPECIALIST T,1
SUPERVISING CHIEF SURGEON (MAN,1
SCHOOL LUNCH ASSISTANT COOK,3
PUBLIC RECORDS OFFICER,25
SUPERVISOR OF SCHOOL SECURITY,1066
SCHOOL CROSSING GUARD,3
LIEUTENANT (POLICE) (RECUR NS),1
CAPTAIN D/A DEPUTY INSPECTOR (,1
CHIEF OF DEPARTMENT (FDNY),1
HOUSING MANAGER (HA),1
SENIOR CUSTODIAL SUPERVISOR,1
ADMINISTRATIVE PSYCHOLOGIST,7
ELEVATOR MECHANIC HELPER,3
SCHOOL EQUIPMENT MAINTAINER,2
OIL BURNER SPECIALIST,6
DISTRICT SUPERVISOR (WATER & S,1
CHIEF MARINE ENGINEER (DIESEL),6
MARINE ENGINEER (DC),3
HELICOPTER MECHANIC (DEP),1
SENIOR COMPUTER PROGRAMMER (BO,1
ASSISTANT DIRECTOR OF FINANCE,1
TEMPORARY CLERK (BOARD OF ELEC,1
LEGISLATIVE SUPERVISOR SECRETA,1
DEPUTY UNIT CHIEF (CITY COUNCI,1
SOCIAL SCIENCE DATA MANAGER (N,1
DISTRICTING COMMISSION OFFICE,1
OFFICE MANAGER (PUBLIC ADVOCAT,1
PROGRAM RESEARCH ANALYST TO TH,1
COMMISSIONER OF DEPT OF INFO T,1
TRAINER ASSISTANT (BOARD OF EL,1
EXECUTIVE DIRECTOR OF THE COMM,1
EXECUTIVE AGENCY COUNSEL,43
EXECUTIVE INSPECTOR (FD),1
DIRECTOR OF INTERNAL AFFAIRS -,1
ASSISTANT COMMISSIONER (FD),1
CHIEF OF STAFF (DOC),1
CHIEF OF STAFF TO FIRST DEPUTY,1
ASSOCIATE COMMISSIONER FOR CLO,1
INTERNAL MONITOR (ACS),1
ASSISTANT COMMISSIONER FOR DEP,1
ASSOCIATE DIRECTOR OF NURSING,1
COUNSEL (DEPARTMENT OF BLDGS),1
DEPUTY ASSISTANT COMMISIONER (,1
DEPUTY ASSISTANT COMMISSIONER,3
CHIEF OF STAFF (DCAS),1
ASST COMMISSIONER FOR PUBLIC &,1
ASST COMMISSIONER FOR SINGLES,1
DIR OF CONTRACT MGMT & INTERGO,1
DIRECTOR OF EEO/CONTRACT COMPL,1
DIRECTOR OF HISTORIC PARKS,1
PAINTING INSPECTOR,1
PRINCIPAL APPRAISER (REAL ESTATE),2
REHABILITATION SPECIALIST (HPD),1
SENIOR SERVICE INSPECTOR (BOARD OF EDUCATION),1
SUPERVISING DEMOLITION INSPECTOR,1
ELEVATOR MECHANIC'S HELPER,178
SUPERVISOR OF OFFICE MACHINE OPERATIONS,101
SENIOR STATIONARY ENGINEER (ELECTRIC),112
ASSISTANT TRAIN DISPATCHER,4094
ESTIMATOR (GENERAL CONSTRUCTION),746
MAINTENANCE SUPERVISOR (POWER DISTRIBUTION),117
STRUCTURE MAINTAINER - GROUP C,349
MAINTENANCE SUPERVISOR (ELECTRONIC EQUIPMENT),89
MAINTENANCE SUPERVISOR (LIGHTING),90
MAINTENANCE SUPERVISOR (SIGNALS),645
SENIOR ESTIMATOR (GENERAL CONSTRUCTION),20
City Planner,32
Senior Stationary Engineer,18
Child Protective Specialist,15
Deputy City Sheriff,19
Probation Officer,86
Administrative Community Relations,2
Promotion to Heating Plant Technician (Housing Authority),1
Emergency Medical Specialist-EMT (Fire),21
Captain (Correction),4
Forester,6
Occupational Therapist (DOE),5
Associate Public Information Specialist,2
Prom. Sergeant (Police),1
MAINTENANCE SUPERVISOR (STRUCTURES-GROUP D-SHEET METAL),38
ASSISTANT CITY ASSESSOR TRAINEE,1
ASSOCIATE QUALITY ASSURANCE SPECIALIST(PUPIL TRANSPORTATION,35
COMPUTER ASSOCIATE (OPERATIONS),30199
PRINCIPAL MULTIPLE DWELLING SPECIALIST (BUILDINGS),3
Lieutenant (Police),3
Maintenance Supervisor,6
Emergency Medical Specialist  - Trainee,2
ASSISTANT CHIEF DETECTIVE INVESTIGATOR,1
ASSISTANT CITY ASSESSOR,953
ASSOCIATE INSPECTOR (STEEL CONSTRUCTION),1
FRAUD INVESTIGATOR,10854
ASSOCIATE PROJECT MANAGER,6570
AUTO MECHANIC,5463
CERTIFIED IT ADMINISTRATOR (LAN/WAN),24505
SEWAGE TREATMENT WORKER,1718
GASOLINE ROLLER ENGINEER,473
CEMENT MASON,2312
BUS MAINTAINER - GROUP B,1818
ASSOCIATE SCHOOL FOOD SERVICE MANAGER,8
ELECTRONIC EQUIPMENT MAINTAINER,342
MARINER,53
MAINTENANCE SUPERVISOR (STRUCTURES-GROUP B-MASONRY),93
EXTERMINATOR,561
SUPERVISING COMPUTER SERVICE TECHNICIAN,388
THERMOSTAT REPAIRER,2096
TRANSIT RAILCAR TECHNOLOGY SPECIALIST (OPERATIONS),4
POLICE ATTENDANT,28
MAINTENANCE SUPERVISOR (POWER CABLES),22
MOTOR VEHICLE SUPERVISOR,15
SUPERVISOR ELEVATOR MECHANIC,75
BUDGET ANALYST (OMB),82
IT INFRASTRUCTURE ENGINEER,19
ASSOCIATE REAL PROPERTY MANAGE,8
ADMINISTRATIVE STAFF ANALYST (,63
COMPUTER SPECIALIST (OPERATION,5
TELECOMMUNICATIONS ASSOCIATE (,11
TESTS AND MEASUREMENT SPECIAL,5
SUPERVISOR OF MECHANICS,3
Automotive Service Worker,4
Traffic Enforcement Agent,108
Firefighter,193
Conductor,23
Track Equipment Maintainer,6
Clerical Associate,51
Taxi and Limousine Inspector,4
Car Inspector - Promotion,2
Electrician's Helper,7
Lieutenant (Fire) Prom.,2
Structure Maintainer Group G,9
ASSISTANT TO THE PRESIDENT (BR,1
SPECIAL ASSISTANT TO DA (QUEEN,1
STATISTICAL SECRETARY (OMB),2
SECRETARY TO THE CHAIRPERSON (,1
SECRETARY TO THE DEPUTY COMMIS,7
BUDGET ANALYST (IBO) ((MANAGER,1
ADMINISTRATIVE LANDSCAPE ARCHI,1
ADMINISTRATIVE DIRECTOR OF LAB,1
ADMINISTRATIVE TRANSPORTATION,1
ADM INSPECTOR (BUILDINGS) NM,1
EXECUTIVE DIRECTOR (CITY PLANN,1
NEW YORK CITY URBAN FELLOW,1
SENIOR SECRETARY,2
EDUCATIONAL MANAGEMENT ASSOCIA,1
MONITOR,1
SECRETARY TO COMMUNITY SCHOOL,1
SECRETARY TO THE CHAIRMAN (TAX,1
FIRST DEPUTY COMMISSIONER,1
SECRETARY TO MEMBER (HA),1
ASSISTANT TO CITY ADMINISTRATO,1
SPECIAL ASSISTANT (TAX COMMISS,1
SENIOR AUTOMOTIVE SPECIALIST,1
DIRECTOR OF CONSTRUCTION,1
DEPUTY CHIEF ENGINEER (DEP),1
COUNSEL (OLR),1
GENERAL COUNSEL (OMB),1
FIRST ASSISTANT CORPORATION CO,1
MINORITY LEADER,1
ASSISTANT CHIEF RACKET INVESTI,1
ASSOCIATE REHABILITATION SPECI,1
QUALITY ASSURANCE SPECIALIST,295
APPRENTICE INSPECTOR (ELECTRIC,2
GENERAL INSPECTOR,1
SECOND DEPUTY COMPTROLLER,1
SUPERVISOR OF NURSES,8
PUBLIC HEALTH NURSE (PART-TIME,1
PEER COUNSELOR (HMH),3
FITNESS INSTRUCTOR,18
SUPERINTENDENT (CHILDRENS INST,1
COMMUNITY SERVICE AIDE,1
FOSTER GRANDPARENT,1
DIRECTOR OF ADMINISTRATION (CH,1
POLICE SURGEON,1
AMBULANCE TECHNICIAN,1
RESIDENT CHAPLAIN (CORRECTIONA,1
ASSISTANT COMMISSIONER (COMMUN,2
DIRECTOR, NYC MAYOR'S OFFICE F
DIRECTOR OF RESEARCH & POLICY,1
PILOT,49
ASSOCIATE FINGERPRINT TECHNICI,4
DIRECTOR OR MANAGEMENT,1
SUPERVISING HOUSEKEEPER,1
ELECTION TRAINER (PART-TIME)-B,1
SUPERVISOR OF RADIO AND TELEVI,2
INSTRUMENTATION SPECIALIST TRA,1
INSTRUMENTATION SPECIALIST,19
METAL WORK MECHANIC,1
SUPERVISOR (WATERSHED MAINTENA,3
LAUNCH OPERATOR/WATER POLLUTIO,1
ELECTRICIANS HELPER,2
ASSOCIATE LANDMARKS PRESERVATI,1
PUBLIC ADMINISTRATOR,1
DIRECTOR OF LEGAL SERVICES (CI,1
DIRECTOR, PUBLIC AFFAIRS AND C
LEGISLATIVE INTERN (CITY COUNC,1
CHIEF INVESTIGATOR,1
LEGISLATIVE FISCAL STUDIES COO,1
OPERATION MANAGEMENT OFFICER (,1
CHAIR (BIC),1
DIRECTOR OF THE OFFICE OF CORR,1
DIRECTOR OF ORGANIZED CRIME CO,1
DIR ORG CRIME DETAILED AS DIRE,1
EXECUTIVE DIRECTOR (EEPC),1
SECRETARY OF DEPARTMENT (DBS),1
DIRECTOR OF MOTOR EQUIPMENT MA,2
ADMINISTRATOR OF SLUDGE VESSEL,1
SPECIAL ADVISOR TO THE MAYOR,1
ASSISTANT COMMISSIONER (FISCAL,1
ASSISTANT COMMISSIONER (HOUSIN,1
ASSISTANT COMMISSIONER (RELOCA,1
DIRECTOR OF COUNTERMEASURES AN,1
EXECUTIVE ASSISTANT TO THE EXE,1
SPECIAL ASSISTANT (DESIGN AND,2
CHIEF OF STAFF (HRA),1
DEPUTY COMMISSIONER (GENERAL S,1
DIRECTOR OF POLICY ANALYSIS (G,1
COUNSEL (TRANSPORTATION),1
ASSISTANT DIRECTOR (FERRIES),1
4 of 4,1
*FIRST ASSISTANT MARINE ENGINEER (DIESEL),2
Signal Maintainer,3
Emegency Medical Specialist - EMT,2
Emergency Medical Specialist - EMT (FIRE),2
Emerg.Med.Spec.-Paramedic (Fire),1
Customer Info. Representative,10
DEPUTY ASSISTANT COUNSEL (OLR),4
DEP COMMISSIONER FOR COMMUNITY,3
ADMIN ASST-CAMPAIGN FIN BOARD,2
ASSISTANT BUDGET ANALYST (COMP,1
EXECUTIVE ASST-DOMESTIC VIOLEN,1
EXECUTIVE DIRECTOR ON COMMISSI,1
ADMINISTRATIVE BOROUGH SUPERIN,1
ADMINISTRATIVE CONSULTANT (EAR,1
ADMIN DIR OF LABORATORY (WATER,1
DIRECTOR OF TECHNICAL SERVICES,5
COOPERATIVE EDUCATIONAL TRAINE,1
DIRECTOR,CITYWIDE OCCUPATIONAL
EXECUTIVE DIRECTOR (TEACHERS R,1
EXECUTIVE DIRECTOR (PERSONNEL),1
EXECUTIVE DIRECTOR (CIVILIAN C,1
DISTRICT MANAGER OF ADMINISTRA,1
Senior Management Consultant,1
PENSION INVESTMENT ADVISOR,1
CONFIDENTIAL SECRETARY OF ADMI,1
EXECUTIVE SECRETARY TO VICE CH,1
ASSISTANT COMMISSIONER (DEPT O,1
SECRETARY TO DEPUTY EXECUTIVE,1
CHAIRMAN, FINANCE COMMITTEE
FIRST DEPUTY COMMISSIONER (BUI,1
ASSISTANT TO THE PRESIDENT,1
EXECUTIVE ASSISTANT TO THE PRE,1
LIAISON OFFICER TO THE MAYOR,1
EXECUTIVE ASSISTANT TO THE CHA,1
DIRECTOR OF LABOR MANAGEMENT R,1
*SENIOR ESTIMATOR (ELECTRICAL),1
OPERATIONS COMMUNICATION SPECI,2
CRIMINALIST DEPUTY DIRECTOR OF,1
CITY PLANNING TECHNICIAN,1465
AGENCY ATTORNEY INTERNE,19
*AGENCY ATTORNEY,4
DEPUTY GENERAL COUNSEL (OMB),1
ASSISTANT COUNSEL TO THE VICE,1
ASSISTANT SERGEANT AT ARMS,1
DOCUMENT CLERK (CITY COUNCIL),1
DIRECTOR OF CYBER CRIMES FOREN,1
INTERPRETER/TRANSLATOR (DOE),1
INVESTIGATOR TRAINEE (PYRL NOT,2
ASSOCIATE INVESTIGATOR (NOT PR,7
INSPECTOR (HOISTS AND RIGGING),4
INSPECTOR (PLUMBING),84
CONFIDENTIAL INSPECTOR,1
INSURANCE ADVISOR (HEALTH),1
CONTRACT SPECIALIST,165
MEDICAL RECORD LIBRARIAN,11
CASE MANAGEMENT NURSE (POLICE,2
JR PHNURSE (SCH HLTH)>20 HR PT,1
PUBLIC HEALTH EPIDEMIOLOGIST,149
PHYSICAL THERAPIST (DOE),519
Senior Project Planner (CJCC)-,1
EXECUTIVE DIRECTOR OF SPECIAL,2
PUBLIC SERVICE INTERNE,2
ASSISTANT SUPERVISING CHIEF SU,1
DIRECTOR OF PSYCHOLOGICAL SERV,1
MEDICAL INVESTIGATOR,1
DIRECTOR OF TENANT & COMMUNITY,1
ASSISTANT DISTRICT MANAGER (CO,3
CHIEF OF HOUSING COMMUNITY ACT,1
PUBLIC RELATIONS CONSULTANT (O,1
CAPTAIN D/A DEPUTY CHIEF INSPE,1
WIPER (UNIFORMED),2
CAPTAIN (FIRE),3585
HOUSING ASSISTANT (BILINGUAL),23
INSTITUTIONAL AIDE,3
SR HEALTHCARE PROG PLAN ANLYST,5
CITY CUSTODIAL ASSISTANT,5
HELICOPTER PILOT (DEP),1
DISTRICT SUPERVISOR,1
DECKHAND,302
OILER,3284
AUTO  MACHINIST,1
SUPERVISOR OF MECHANICS(MECHAN,3
COUNSEL TO THE BOARD (BOE),1
ADMINISTRATIVE ASSISTANT (BOE),1
SENIOR OFFICE APPLIANCE OPERAT,1
PRINCIPAL STOREKEEPER (BOARD O,1
SENIOR LEGISLATIVE ATTORNEY (C,1
COORDINATOR, ELECTION DAY OPER
SENIOR LEGISLATIVE CLERK (CITY,1
DIRECTOR OF FINANCE (CITY COUN,1
COMMISSIONER OF YOUTH SERVICES,1
COUNSEL (DEPARTMENT FOR THE AG,1
ASSOCIATE COMMISSIONER FOR CBA,1
SENIOR ADVISER TO THE COMMISSI,1
DIRECTOR OF FORENSIC BIOLOGY (,1
DEPUTY COMMISSIONER (CDA),1
DEPUTY COMMISSIONER (DCAS),1
DEPUTY GENERAL COUNSEL (HOMELE,1
DIRCTOR OF MENTAL HEALTH DISAS,1
DEPUTY COMMISSIONER (DEPT OF R,1
ASSISTANT COMMISSIONER (PARKS&,1
ASSISTANT COMMISSIONER (RECREA,1
DIRECTOR OF URBAN ARCHAEOLOGY,1
DIRECTOR OF PLAN & FIELD SERVI,1
EXECUTIVE ASSISTANT TO COMMISS,1
*ASSOCIATE DIRECTOR HEALTH PRO,3
SENIOR SERVICE INSPECTOR (PROJECT SCORECARD),1
SENIOR WATERFRONT CONSTRUCTION INSPECTOR,1
3 of 4,1
TRAFFIC ENFORCEMENT AGENT (ASSIGNMENT LEVEL III & IV ONLY),1
SUPERVISOR II (SOCIAL SERVICES),3031
STRUCTURE MAINTAINER - GROUP G,902
ASSOCIATE PARKING CONTROL SPECIALIST,7
School Safety Agent,228
Maintenance Worker,68
Promotion to Captain (Correction),4
Police offficer,1
Light Maintainer,9
New York Police Officer,1
Administrative Community  Relations Specialist,1
Structure Maintainer Group C,1
Administrative Manager (Promotion),1
Management Auditor,5
Fire Protection Inspector,32
Emergency Medical Specialist (EMT),1
Plumber's Helper,13
Stationary Engineer,6
Housing Development Specialist,8
Senior Police Administrative Aide (PROM),2
Park Supervisor (Promotion),1
School Food Service Manager,1
Civil Engineer,3
ASSOCIATE REHABILITATION SPECIALIST (HPD),1
BLASTING INSPECTOR,1
CRANE OPERATOR (ANY MOTIVE POWER EXCEPT STEAM),7
City Tax Auditor,25
Lieutenant (Police) (Promotion),4
Computer Associate(Software),2
Correction Offier,1
ADMINISTRATIVE LANDSCAPE ARCHITECT,8
ASSOCIATE INSPECTOR (ELECTRICAL),1
ASSOCIATE INVESTIGATOR,573
COORDINATOR FOR HOMELESS SERVICES (MA),1
DIRECTOR, MAYOR'S ACTION CENTER (MA)
FIREFIGHTER,56839
STAFF ANALYST,27146
CHIEF MARINE ENGINEER,87
ASSOCIATE PUBLIC INFORMATION SPECIALIST,711
SECRETARY,5684
ELECTRICIAN,1600
PRINCIPAL POLICE COMMUNICATIONS TECHNICIAN,292
AREA SUPERVISOR (HIGHWAY MAINTENANCE),178
ELIGIBILITY SPECIALIST,45634
MAINTENANCE SUPERVISOR (CAR EQUIPMENT),1209
MARINE ENGINEER (UNIFORMED-FIRE DEPARTMENT),10
SUPERVISOR (SANITATION),7711
ADMINISTRATIVE EDUCATION ANALYST,3310
COUNSELOR (ADDICTION TREATMENT),371
ELEVATOR AND ESCALATOR SPECIALIST,1
BLACKSMITH,16
MEDIA SERVICES TECHNICIAN,120
MAINTENANCE SUPERVISOR (STRUCTURES-GROUP F-PAINTING),25
ADMINISTRATIVE PUBLIC HEALTH NURSE,54
ADMINISTRATIVE NUTRITIONIST,4
ADMINISTRATIVE HOUSING MANAGER,4
INDUSTRIAL HYGIENIST,41
SENIOR STATIONARY ENGINEER (EL,12
ASSISTANT MECHANICAL ENGINEER,218
ASSISTANT ELECTRICAL ENGINEER,266
INVESTIGATOR (DISCIPLINE) (DOC,11
ADMINISTRATIVE PROJECT DIRECTO,4
ASSISTANT COMMISSIONER (DCAS),4
SUPERVISOR OF ELECTRICAL INSTA,4
ADMINISTRATIVE DIRECTOR OF SOC,5
COMPUTER ASSOC (TECH SUPP),8
FILM MANAGER,3
ADMINISTRATIVE COMMUNITY RELAT,3
PEST CONTROL AIDE,2
Transit Mgmt Analyst Trainee,12
Computer Associate,4
Computer Service Technician,20
Associate Contract Specialist,56
Heating Plant Technician,4
Research Assistant,18
Captain (Fire)(Prom),2
Correaction Officer,2
BEAUTICIAN,1
SPECIAL ASSISTANT TO THE BOROU,4
DIRECTOR OF INTERGOVERNMENTAL,1
SECRETARY TO THE EXCUTIVE ASSI,1
ASSISTANT TO THE DEPUTY MAYOR,2
MAYORAL OFFICE ASSISTANT,1
SCHOOL BUSINESS MANAGER,2
Deputy Commissioner (CEC),1
DEPUTY EXECUTIVE DIRECTOR (BOA,4
ADMINISTRATIVE INVESTIGATOR (N,1
ADMINISTRATIVE BLASTING INSPEC,1
*ADMINSTRATIVE SCHOOL SECURITY,1
DEPUTY EXECUTIVE DIRECTOR (CIV,1
Confidential Stenographer (FD),1
EDUCATION ANALYST TRAINEE,1
SECRETARY TO THE DEPARTMENT (F,1
SECRETARY TO THE CORPORATION C,1
SECRETARY TO THE FIRE COMMISSI,1
EXECUTIVE ASSISTANT FOR PROGRA,1
EXEC ASST TO THE DIR (MAYOR'S,1
EXECUTIVE ASSISTANT TO THE FIR,1
DIRECTOR MANAGEMENT INFORMATIO,1
LEGISLATIVE ENGINEER,1
EXAMINING ATTORNEY (MANAGERIAL,1
COUNSEL TO THE BOROUGH PRESIDE,1
DIRECTOR OF DEPARTMENT ADVOCAT,1
INSPECTOR (HOUSING CONSTRUCTIO,1
DIRECTOR BUREAU OF WEIGHTS AND,1
APPRENTICE INSPECTOR (CONSTRUC,1
RISK MANAGEMENT OFFICER (BUILD,1
NURSE'S AIDE (HANDICAPPED CHIL,2
HEALTH AIDE,1
EXECUTIVE ASSISTANT (CRIMINAL,1
ASST SUPERINTENDT WELF SHELT (,1
CHILD WELFARE SPECIALIST,2
OMBUDSMAN (JUVENILE JUSTICE),1
EMERGENCY MEDICAL SERVICE CADE,1
CITY MEDICAL EXAMINER (OCME),2
*SCHOOL LUNCH HELPER,1
DIRECTOR (EMPLOYEE ASSISTANCE,1
DIRECTOR OF COMMUNICATIONS,1
CAPTAIN DETAILED AS CHIEF OF I,1
SUPERVISING POLICE COMMUNICATI,1
EVIDENCE AND PROPERTY CONTROL,2
DIRECTOR OF HOUSING APPLICANTI,1
DIRECTOR OF AUDIT AND PROGRAM,1
CHIEF CARETAKER (HA),1
COMMUNITY CENTER ATTENDANT,1
INVESTIGATIVE MANAGER (CCRB),2
SENIOR COOK,1
BOILER MAKER,1
SUPERVISOR DOCKBUILDER,1
SUPERVISOR SHEET METAL WORKER,1
SUPERVISOR BRIDGE REPAIRER AND,1
ASSISTANT DIRECTOR OF ADMINIST,1
ASSISTANT LEGISLATIVE INFORMAT,1
MEMBER OF THE ENVIRONMENTAL CO,1
MANAGER OF LEGISLATIVE POLICY,1
COMPUTER OPERATOR (BOARD OF EL,1
Director of Training (BOE),1
COMMISSIONER OF EMPLOYMENT,1
SENIOR LEGISLATIVE POLICY ANAL,1
LEGISLATIVE COUNSEL (CITY COUN,1
UNIT CHIEF (CITY COUNCIL),1
EXECUTIVE ASSISTANT AND COUNSE,1
DIRECTOR OF DIRECT SERVICE PRO,1
DIRECTOR OF SENIOR CITIZEN REN,1
DEPUTY COMMISSIONER (COUNTERTE,1
ASSOCIATE COMMISSIONER (FD),1
FIRST DEPUTY COMMISSIONER (DDC,1
CHIEF EFFECTIVENESS OFFICER (A,1
MANAGER, WATER SUPPLY (JAMAICA
DEPUTY COMMISSIONER (DEP),1
DIRECTOR OF LITIGATION BUREAU,1
ASSIST COMMISSIONER (MANAGEMEN,1
ASST COMMISSIONER (REAL PROPER,1
SPECIAL ASSISTANT IN MENTAL RE,1
DIRECTOR OF PSYCHIATRY,1
ASST COMMISSIONER (MAINTENANCE,1
EXECUTIVE DEPUTY ADMINISTRATOR,1
DIRECTOR OF LABOR RELATIONS (D,1
DIRECTOR OF ENERGY CONSERVATIO,1
CHIEF OF STAFF FOR CITYWIDE PE,1
DIRECTOR OF HEADSTART PROGRAM,1
DEPUTY GENERAL COUNSEL (HRA),1
DIRECTOR OF FISCAL OPERATIONS,1
SPECIAL ASSISTANT TO THE HUMAN,1
DIRECTOR OF COMPLIANCE & LEGIS,1
COUNSEL (LANDMARKS PRESERVATIO,1
SPECIAL ASST DISTRICT ATTORNEY,2
HULL AND MACHINERY INSPECTOR,1
INSPECTOR (CONSUMER AFFAIRS),1
SENIOR BLASTING INSPECTOR,1
PROGRAM OFFICER (DEPARTMENT FOR THE AGING),25
HOUSING DEVELOPMENT SPECIALIST TRAINEE,1
Administrative Retirement Benefits Specialist,2
Marine Oiler,2
Customer Information Representative,30
Program Specialist,1
HCPPA,1
PUBLIC RELATIONS OFFICER (BORO,1
DEPUTY EXECUTIVE DIRECTOR CAMP,1
DECEDENT PROPERTY AGENT (PANYC,1
COMMUNITY SERVICE AIDE (SCSP),1
ADMINISTRATIVE ARCHITECT,853
ADMIN ARCHITECT (NON MGRL) M-1,1
ADMINISTRATIVE HOUSING SUPERIN,11
SUPERVISOR OF ELEVATOR MAINTEN,1
*ADMINISTRATIVE SCHOOLSECURITY,1
DEPUTY ASSISTANT DIRECTOR (CIV,1
PRIVATE SECRETARY,1
CALL CENTER REPRESENTATIVE,7731
SPECIAL ASSISTANT TO THE DISTR,1
EXECUTIVE ASSISTANT TO THE DIR,5
SPECIAL ASSISTANT (RESEARCH AN,1
COMMISSIONER OF LABOR RELATION,1
COMPUTER PROG ANALYST TRAINEE,1
ENGINEERING WORK STUDY TRAINEE,1
CHEMICAL ENGINEERING INTERN,34
ASSISTANT ARCHITECT,2283
LANDSCAPE ARCHITECT INTERN,1
ASSOCIATE LABORATORY MICROBIOL,6
PRINCIPAL MULTIPLE DWELLING SP,1
HOUSING DEVELOPMENT SPECIALIST,1924
DIRECTOR OF INVEST ACCOUNTING,1
CHIEF INVESTIGATOR (RICHMOND C,1
AIR POLLUTION INSPECTOR,278
INSPECTOR (CONSTRUCTION),25
QUALITY ASSURANCE SPECIALIST T,1
APPRENTICE INSPECTOR (BOILERS),1
ASSISTANT ACCOUNTANT,1
DEPUTY CHANCELLOR FINANCIAL AF,1
ASSOCIATE CONTRACT SPECIALIST,138
THIRD DEPUTY COMPTROLLER,1
YOUTH COORDINATOR (YOUTH SERVI,1
DIRECTOR OF COMMUNITY PLANNING,2
DIRECTOR OF COMMUNITY RELATION,2
DIRECTOR, UNITED NATIONS & CON
ASST COMMISSIONER FOR PLANNING,2
HOMEMAKER,2
PROGRAM EVALUATOR (ACS),212
SENIOR HOUSEPARENT,1
DIRECTOR OF ADMINISTRATION (SP,1
DIRECTOR OF PARENT INVOLVEMENT,1
SUPERVISOR I SOCIAL WORK,2
HUMAN RESOURCES TECHNICIAN,1
SCHOOL-NEIGHBORHOOD WORKER,2
SUMMER CREW CHIEF,1
DIRECTOR OF PUPPETRY,1
EXECUTIVE DIRECTOR (BOARD OF C,1
GENERAL SUPERINTENDENT (SANITA,3
LIEUTENANT D/A SPECIAL ASSIGNM,1
CAPTAIN CHIEF OF COUNTERTERROR,1
FIRE CADET,1
SPECIAL OFFICER,18261
PARK SUPERVISOR,740
FORESTER,250
PUBLIC HEALTH ASSISTANT (SCHOO,1
ADMINISTRATIVE RETIREMENT BENE,8
CITY ATTENDANT,1
TRAFFIC DEVICE MAINTAINER,163
MOTOR GRADER OPERATOR,12
CHAUFFEUR (BUILDINGS),1
SUPERVISOR (WATER & SEWER SYST,1
AREA SUPERVISOR (HIGHWAY MAINT,2
HEATING PLANT TECHNICIAN (HA),1
PAINTER,1209
SUPERVISOR OF MECHANICS-ME MGL,1
DIRECTOR OF MOTOR TRANSPORT (P,1
LEGISLATIVE ADMINISTRATIVE SEC,1
LEGISLATIVE FINANCE SECRETARY,1
DEPUTY CHIEF OF STAFF (CITY CO,1
COMMISSIONER OF DESIGN & CONST,1
BOROUGH COMMISSIONER (BUILDING,1
CHIEF OF STAFF TO THE MAYOR,1
SENIOR GENERAL DEPUTY MANAGER,1
CHIEF OF STAFF (DOT),1
DIRECTOR FOR EQUAL EMPLOYMENT,2
SECRETARY TO THE CHANCELLOR (D,1
DIRECTOR OF RACE EQUITY STRATE,1
CHIEF OF STAFF (OFFICE OF THE,1
ASSOCIATE COMMISSIONER (DEP),1
SECRETARY TO THE EXEC DEPUTY C,1
ASSISTANT COMMISSIONER (CASH M,1
ASSISTANT COMMISSIONER (BUILDI,1
ASSISTANT COMMISSIONER (CODE E,1
DEPUTY GENERAL COUNSEL (HPD),1
PUBLIC HEALTH PREVENTATIVE MED,3
DEPUTY DIRECTOR OF HEALTH AND,1
DIRECTOR OF COMMUNITY PARTICIP,1
DIRECTOR OF MANAGEMENT DESIGN,1
DIRECTOR OF COMMUNITY INVOLVEM,1
ASSISTANT TO THE DEPUTY COMMIS,1
*PERSONNEL PROGRAM DEVELOPMENT,3
INSPECTOR OF TIRES,1
INVESTIGATOR (LIBRARY),1
SUPERVISOR OF INVESTIGATORS (CCRB),1
TRACTOR OPERATOR,46
SENIOR POLICE ADMINISTRATIVE AIDE,4223
STRUCTURE MAINTAINER - GROUP B,608
ADMINISTRATIVE DIRECTOR OF SOCIAL SERVICES,78400
COLLECTION SUPERVISOR (REVENUE),79
MAINTENANCE SUPERVISOR (STRUCTURES-GROUP A-CARPENTRY),87
ADMINISTRATIVE PUBLIC INFORMATION SPECIALIST,4249
Child Protective Specialist Supervisor,4
Auto Mechanic,51
Construction Project Manager,16
Special Officer,41
Police Communications Technician,80
Associate Job Opportunity Specialist,4
Promotion to Lieutenant (Police),8
Electricians Helper,1
Certified IT Administrator LAN WAN,1
Marine Engineer (Uniformed-Fire Department,1
Paralegal Aide,3
Elecronic Equipment Maintainer,2
Structure Maintainer Group D,4
Cashier,4
Sanitation Enforcement Agent,2
HEATING AND AIR CONDITIONING MAINTAINER,112
ASSISTANT CHIEF OF DEMOLITION (HOUSING AUTHORITY),1
1 of 4,1
CHIEF MARINE ENGINEER (UNIFORMED),1
SUPERVISOR OF MECHANICAL INSTALLATIONS AND MAINTENANCE,381
ASSOCIATE CORRECTIONAL COUNSELOR,100
CERT. IT ADMINISTRATOR WAN,4
Track Worker,4
Bus Maintainer - Group B,6
Public Records Officer,2
ASSOCIATE QUALITY ASSURANCE SPECIALIST (METALS),1
CAPTAIN (POLICE),2134
CLAIM SPECIALIST,2760
DEPUTY CHIEF (FIRE),578
COMPUTER ASSOCIATE (SOFTWARE),81155
ELEVATOR MECHANIC,1079
SANITATION WORKER,47163
HEALTH SERVICES MANAGER,5114
JUVENILE COUNSELOR,5540
COMPUTER PROGRAMMER ANALYST TRAINEE,433
MACHINIST,425
LIEUTENANT (POLICE),8581
SUPERVISOR II (SOCIAL WORK),139
TRACK EQUIPMENT MAINTAINER,217
MARINE OILER (FERRY OPERATIONS),47
SUPERVISING FIRE ALARM DISPATCHER,103
SUPERVISOR COMMUNICATION ELECTRICIAN,36
AUTO BODY WORKER,56
ASSISTANT ENVIRONMENTAL ENGINEER,360
SUPERVISOR III (SOCIAL WORK),13
MARINE MAINTENANCE MECHANIC,10
BRIDGE AND TUNNEL SUPERVISOR,22
SENIOR INTERGROUP RELATIONS OF,4
CITY MEDICAL SPECIALIST (PART-,20
CONSULTANT (EARLY CHILDHOOD ED,3
INVESTMENT MANAGER (COMPTROLLE,7
SPECIAL ASSISTANT TO THE EXECU,3
ADM ENGINEER (NON MGRL),16
BUDGET ANALYST (OMB)-MANAGERIA,13
POLICE CADET,3
ASST PB HLTH ADV (COMM DIS CON,2
ADMINISTRATIVE PROCUREMENT ANA,3
Machinist,3
Promotional Police Officer,17
Area Supervisor (Highway Maintenance),1
Emergency Medical Specialist - EMT,55
Transit Electro-Mechanical Mtr,8
Emergency Medical Specialist - Trainee,2
Emergency Medical Specialist-Paramedic (PRO),2
PRINCIPAL ACCOUNTANT INVESTIGA,2
SUPERVISOR OF NURSES (BOARD OF,2
FOOD SERVICE ADMINISTRATOR (DC,1
DEPUTY CHIEF RACKETS INVESTIGA,2
NYCAPS PROCESS ANALYST,2
ASSOCIATE EXECUTIVE DIRECTOR (,2
ASSISTANT COMMISSIONER (DOITT),1
EXECUTIVE COOK (MAYOR),1
*ADMINISTRATIVE ATTORNEY,1
ADMINISTRATIVE PROBATION OFFIC,1
ADMINISTRATIVE INSPECTOR (ELEC,1
DEPUTY DIRECTOR OF COUNCIL SER,1
COOPERATIVE EDUCATION TRAINEE-,4
STENOGRAPHER TO COUNCIL (CITY,1
ASSOCIATE CALL CENTER REPRESEN,2
LEGISLATIVE TYPIST,1
ASSOCIATE EDUCATION ANALYST (U,1
ASSISTANT ADMINISTRATOR (OFFIC,1
COMMISSIONER,1
ASSISTANT TO POLICE COMMISSION,1
EXECUTIVE ASSISTANT (TAXI & LI,1
SPECIAL ASSISTANT TO THE CHANC,1
DEPUTY DIRECTOR OF CONSTRUCTIO,1
CRIMINALIST DIRECTOR OF LABORA,1
SENIOR RACKETS INVESTIGATOR,1
SPECIAL INVESTIGATOR (COMPUTER,1
SPECIAL INVESTIGATOR,4
INSPECTOR (ELEVATORS),3
ASSOCIATE INSPECTOR (HIGHWAYS,2
CITY ASSESSOR (I,II
PRINCIPAL LEGISLATIVE FINANCIA,1
DIETITIAN,3
CONSULTANT (PUBLIC HEALTH-SOCI,1
DEPUTY DIRECTOR OF PROBATION (,1
SUPERVISOR III (SOCIAL SERVICE,1
SCHOOL LUNCH AIDE,3
LECTURER (EMS),1
CAPTAIN D/A INSPECTOR (REC N/S,1
CAPTAIN DETAILED AS CHIEF OF D,1
DEPUTY CHIEF(FIRE),1
DEPUTY ASSISTANT CHIEF OF DEPA,1
CAPTAIN (CORRECTION) TED < 11/,1
WARDEN-ASSISTANT DEPUTY WARDEN,1
POLICE COMMUNICATIONS TECHNICI,1
HEALTH CARE PROGRAM PLANNER/AN,1
ASSISTANT CITY HIGHWAY REPAIRE,1
CARRIAGE UPHOLSTERER,1
SUPERVISOR OF RADIO REPAIR OPE,1
SUPERVISOR GLAZIER,1
CITY SERVICE AIDE,4
CAPTAIN (SLUDGE BOAT),8
SENIOR SUPERVISOR COMMUNICATIO,1
BLACKSMITH'S HELPER,1
LEGISLATIVE ADMINISTRATIVE CLE,1
DEPUTY DIRECTOR- FINANCE (CITY,1
LEGISLATIVE COMMUNICATION SECR,1
SPEAKER/MAJORITY LEADER (CITY,1
COMMUNITY LIAISON REPRESENTIVE,1
CHAIR, PROCUREMENT POLICY BOAR
ASSISTANT TO THE PUBLIC ADVOCA,2
CHIEF OF STAFF (DDC),1
SECRETARY TO THE DEPUTY CHANCE,1
DEPUTY ADMINSTRATOR/COMSNR-DOS,1
ASSISTANT COMMISSIONER (SUBSTA,1
DEPUTY COMMISSIONER FOR ADMINI,1
EXECUTIVE ASSISTANT (DEPT M H,1
DEPUTY ASST ADMIN FOR PERSONNE,1
CHIEF OF STAFF (CDA),1
TRANSPORTATION INSPECTOR,1
ADMINISTRATIVE PUBLIC HEALTH SANITARIAN,18
ADMINISTRATIVE PRINTING SERVICES MANAGER,7
OPERATIONS COMMUNICATIONS SPECIALIST,15
Principal Administrative Associate PROM,1
FIREFIGHTER(Group 1),1
Heating Plant Technician (Housing Authority),2
Promotion to Assistant Train Dispatcher,2
Associate Fire Protection Inspector (PROM),1
Contract Specialist,12
SECRETARY (OFFICE OF BORO PRES,1
ANALYST CFB AL 2&3 ONLY,2
FIRST DEPUTY COMMISSIONER (OEM,1
SECRETARY TO THE CHIEF ACTUARY,1
STRATEGIC INITIATIVE SPECIALIS,24
EXECUTIVE ASSISTANT TO THE COM,12
ADMINISTRATIVE CITY PLANNER,1821
ADMINISTRATIVE PARKS & RECREAT,1
ADMINISTRATIVE INSPECTOR (HOUS,3
LEGISLATIVE CLERICAL ASSISTANT,1
REPORTER/STENOGRAPHER,6
EDUCATION ANALYST,868
SECRETARY TO CONFLICTS OF INTE,1
SECY TO THE DIRECTOR OF COLLEC,1
SECRETARY TO THE BOARD OF CORR,2
FIRST DEPUTY MAYOR,1
DEPUTY BOROUGH PRESIDENT,3
FIRST DEPUTY COMMISSIONER (FD),1
DIRECTOR OF PERSONNEL (HA),1
Exec Asst to the Chairman,1
COMPUTER AIDE,1844
COMPUTER SPECIALIST (SOFTWARE),68716
ARCHITECT,143
PLAN EXAMINER (BLDGS),1
COUNSEL TO THE MAYOR,1
RACKETS INVESTIGATOR,1
CHIEF RACKETS  INVESTIGATOR (Q,1
INTELLIGENCE RESEARCH SPECIALI,6
DIRECTOR OF SCHOOL SAFETY,1
DIRECTOR OF FINANCING POLICY C,1
DIRECTOR OF MANAGEMENT & BUDGE,1
DEPUTY AUDITOR GENERAL (DOE),1
ASSISTANT HEAD NURSE,2
PUBLIC HEALTH NURSE (SCHOOL HE,9
COUNSELOR (ADDICTION TREATMENT,3
LIAISON OFFICER TO THE UNITED,1
PROBATION OFFICER,3033
PSYCHOLOGIST,142
SUPERINTENDENT OF ADULT INSTIT,1
MEDICAL CONSULTANT TO THE COMP,1
HUMAN RIGHTS SPECIALIST (PR#99,1
COMMUNITY ASSISTANT (DOE),1
BATTALION CHIEF,890
REAL PROPERTY ASSISTANT,2
HOUSING ASSISTANT TRAINEE,1
DIRECTOR OF LEASED HOUSING (HA,1
DIETARY AIDE,2
ASSISTANT REAL ESTATE REPAIRER,1
ADMINISTRATIVE JUVENILE COUNSE,1
SENIOR PHOTOGRAPHER,18
CITY PEST CONTROL AIDE,1
SUPERVISOR BOILER MAKER,1
SUP TRAFFIC DEVICE MAINT L2&L3,2
SUPERVISOR,10
CITY SEASONAL AIDE (DOS ONLY),1
MARINE OILER(FERRY OPERATIONS),7
PORT MARINE ENGINEER (DOT),1
COMMUNICATION ELECTRICIAN,72
SUPERVISOR PLUMBER,432
SUPERVISING BOOKBINDER,2
SUPERVISOR PLASTERER,69
WELDER,15
MACHINIST'S HELPER,190
FURNITURE MAINTAINER,1
DIRECTOR OF THE OMBUDSMAN PROG,1
DISTRICT ATTORNEY,1
HUMAN RESOURCES ADMINISTRATOR,1
LEGISLATIVE INVESTIGATOR (CITY,1
ASSISTANT TO DIRECTOR-TECHNICA,1
LEGISLATIVE TECHNICAL SECRETAR,1
LEGISLATIVE OFFICE MANAGER (CI,1
COUNSEL (NYCDC),1
FIRST ASSISTANT TO THE PUBLIC,1
RESEARCH ANALYST TO THE PUBLIC,1
COMMISSIONER OF CITYWIDE ADMIN,1
CHIEF ASSET MANAGEMENT OFFICER,1
EXECUTIVE DIRECTOR OF GRACIE M,1
DIRECTOR OF RESEARCH PLANNING,1
CHIEF OF STAFF (PD),1
CHIEF ASSESSOR (FINANCE),1
DIRECTOR (OFFICE OF PLANNING A,1
ASSISTANT COMMISSIONER (TECH S,1
ASSISTANT COMMISSIONER (PARKS,2
EMERGENCY MEDICAL SERVICE SPEC,2
INSPECTOR (STEEL CONSTRUCTION),1
SENIOR HULL AND MACHINERY INSPECTOR,1
SUPERVISING DEPUTY SHERIFF-AL I ((ONLY)),43
PRINCIPAL ADMINISTRATIVE ASSOCIATE,59940
ASSISTANT PUBLIC HEALTH ADVISER (COMMUNICABLE DISEASE CONTR),602
MAINTAINER (BRIDGES AND TUNNELS),456
ASSOCIATE QUALITY ASSURANCE SPECIALIST,29
SIGNAL MAINTAINER,1156
MASON'S HELPER,1046
DIRECTOR (TELEVISION),3
SENIOR ESTIMATOR (MECHANICAL),1
SUPERVISING PUBLIC HEALTH ADVISER,2
*SUPERVISOR (EXTERMINATORS),9
SUPERINTENDENT OF WATER AND SEWER SYSTEMS,14
ADMINISTRATIVE REVENUE MANAGER (TA),3
SENIOR INSTITUTIONAL TRADES INSTRUCTOR (TAILORING),2
MECHANICAL MAINTAINER - GROUP C,104
MAINTENANCE SUPERVISOR (STRUCTURES-GROUP E-PLUMBING),138
SUPERVISOR (WATER AND SEWER SYSTEMS),284
ASSISTANT TRANSIT MANAGEMENT ANALYST,47
Assistant Resident Buildings Superintendent,6
Signal Maintainer Helper,2
Housing Assistant,2
Environmental Police Officer,4
Stationary Engineer (Electric),20
Lieutenant (Police) (Prom),2
Inspector (Instructor),2
Police Office,2
Program Specialist (Correction),4
Maintainer (B & T),1
?TRAIN DISPATCHER,867
ASSOCIATE INSPECTOR (PLASTERING),1
ADMINISTRATIVE PROCUREMENT ANALYST,7867
AUTO MACHINIST,11
TRANSIT RAILCAR TECHNOLOGY SPECIALIST INTERN,2
Computer Specialist (Software),218
Forensic Mortuary Technician,2
Principal Admin. Associate,1
Promotion to Construction Laborer,2
Interpreter (Spanish),1
Assistant Retirement Benefits Examiner,1
ADMINISTRATIVE INSPECTOR (ELECTRICAL),1
ADMINISTRATIVE QUALITY ASSURANCE SPECIALIST,1804
ASSOCIATE INSPECTOR (HOUSING CONSTRUCTION),2
ASSOCIATE PUBLIC HEALTH SANITARIAN,527
DEMOLITION INSPECTOR,2
FIRE MARSHAL (UNIFORMED),2364
ASSOCIATE STAFF ANALYST,32214
SPECIAL CONSULTANT (MENTAL HEALTH STANDARDS AND SERVICES),4252
ELECTRICAL ENGINEER,531
PLUMBER'S HELPER,354
SENIOR SEWAGE TREATMENT WORKER,1798
AUTO MECHANIC (DIESEL),950
MAINTAINER'S HELPER-GROUP B,1007
ASSOCIATE CALL CENTER REPRESENTATIVE,166
BUS MAINTAINER - GROUP A,304
MAINTENANCE SUPERVISOR (SURFACE),558
ASSOCIATE JOB OPPORTUNITY SPECIALIST,2426
BUS OPERATOR,67304
COMPUTER SPECIALIST (OPERATIONS),27727
HOUSING ASSISTANT,5272
PHOTOGRAPHER,2
PUBLIC HEALTH EDUCATOR,866
SUPERVISING THERAPIST,36
ADMINISTRATIVE CONSULTANT (EARLY CHILDHOOD EDUCATION),3
ASSISTANT RETIREMENT BENEFITS,6
INSPECTOR (CONSUMER AND WORKER,14
TRANSPORTATION SPECIALIST,13
PUBLIC HEALTH ADVISER (SCHOOL,16
DIRECTOR OF FIELD OPERATIONS (,4
ASSISTANT COMMISSIONER (EVALUA,3
ASSOCIATE PUBLIC HEALTH SANITA,6
CITY PARK WORKER,8
CRIMINALIST ASSISTANT DIRECTOR,4
DIRECTOR OF PROPERTY MANAGEMEN,3
CITY VETERINARIAN (PART-TIME),3
ADMINISTRATIVE ACCOUNTANT (NON,3
COMPUTER SERVICE TECHNICIAN (C,4
Police Communication Technician,4
Transit Railcar Technology Specialist,3
EMS-EMT,4
Station Agent,6
Transit Electro-Mechanical Maintainer - EL & Esc.,1
FOOD SERVICE MANAGER,1
SECRETARY (OFFICE OF THE MAYOR,1
ASSISTANT COMMISSIONER(ADMINIS,1
ANALYST CFB AL 1 ONLY,1
SPECIAL EXAMINER (PHYSICAL TES,1
DEPUTY COMMISSIONER (DDC),2
MARINE ELECTRONICS TECHNICIAN,3
ADMINISTRATIVE LANDMARKS PRESE,1
ADMINISTRATIVE TESTS & MEASURE,1
ADMINISTRATIVE INSPECTOR (BUIL,1
EXECUTIVE DIRECTOR,1
DEPUTY EXECUTIVE DIRECTOR (TEA,1
SUMMER GRADUATE INTERN,1
EDUCATION ANALYST (UNION),1
SR MANAGEMENT CONSULTANT (ACCO,1
CONFIDENTIAL SECRETARY TO THE,1
SECRETARY OF THE BOARD OF EDUC,1
SECRETARY OF THE DEPARTMENT (H,1
SECRETARY TO ONE DEPUTY COMMIS,1
SECRETARY TO THE CHAIRMAN,1
ASSISTANT DEPUTY COMMISSIONER,2
ASSISTANT COMMISSIONER (PROGRA,1
DEPUTY MAYOR,1
DIRECTOR OF FRANCHISES,1
EXECUTIVE ASSISTANT TO THE CHI,1
*CERTIFIED LOCAL AREA NETWORKA,4
ASSISTANT TRANSPORTATION SPECI,1
SPECIAL ASSISTANT CORPORATION,1
SUPERVISING DEPUTY SHERIFF,2
DEPUTY DIRECTOR OF MANAGEMENT,2
CHIEF ACTUARY,1
DEPUTY AUDITOR GENERAL-COUNSEL,1
LICENSED PRACTICAL NURSE,2
ENVIRONMENTAL HEALTH TECHNICIA,1
DEPUTY SUPERINTENDENT (JUVENIL,1
EXECUTIVE ASSISTANT (JUVENILE,1
ASSISTANT DIRECTOR (DEPARTMENT,1
CHILD PROTECTIVE SPECIALIST SU,2
SUPERVISOR II SOCIAL WORK,1
EMPLOYEE ASSISTANCE PROGRAM SP,1
CHAPLAIN (JUVENILE DETENTION C,1
ASSISTANT COMMISSIONER (ETHNIC,1
SENIOR FIELD SUPERVISOR (SUMME,1
DIRECTOR OF INFORMATION AND RE,1
CAPTAIN (POLICE SERVICE)(REC N,1
CHIEF OF DEPARTMENT,1
CAPT DET CHIEF OF THE TRANSIT,1
DEPUTY DIRECTOR OF SECURITY,1
SPVSG FAD-DEP DIR DSPTCH DTAIL,1
PRINCIPAL FINGERPRINT TECHNICI,1
JOB TRAINING PARTICIPANT,1
HOUSEKEEPER,1
*PRINCIPAL PARK SUPERVISOR,2
SUPERVISOR OF HOUSING CARETAKE,1
REAL ESTATE REPAIRER (DCAS),1
CASEWORKER (SSC PROTECTIVE UNI,1
ADMINISTRATIVE SANITATION ENFO,1
ADMINISTRATIVE LABOR RELATIONS,1
SUPERVISING COMMUNICATION ELEC,1
DOCKBUILDER,1
URBAN ARCHEOLOGIST,4
EXECUTIVE LEGISLATIVE COORDINA,1
DEPUTY CHIEF CLERK (BOARD OF E,1
COMMISSIONER (BOARD OF ELECTIO,1
EXECUTIVE ASST TO MAJORITY LEA,1
MEMBER (CONFLICTS OF INTEREST,1
LEGISLATIVE FISCAL OFFICER (CI,1
LEGISLATIVE SUPPORT SERVICE CO,1
DIRECTOR LEGAL DIVISION/GEN CO,1
LEGISLATIVE COMPUTER SUPPORT S,1
SPECIAL ADVISOR TO THE DIRECTO,1
PRESS OFFICER (NYCDC),1
COMMISSIONER OF CHILDREN'S SER,1
CHIEF STRUCTURAL ENGINEER (BUI,1
FIRST DEPUTY COMMISSIONER (DOT,1
EXECUTIVE DIRECTOR OF FLEET,1
ASSOCIATE COMMISSIONER (DOC),1
EXECUTIVE DIRECTOR OF PUBLIC A,1
DIRECTOR OF INVESTIGATIVE AUDI,1
DIRECTOR OF HEARING BUREAU (FI,1
EXECUTIVE INSPECTOR (BUILDINGS,1
ASSISTANT COMMISSIONER (SPECIA,1
ASSISTANT COMMISSIONER (PUBLIC,1
ASST COMMISSIONER FOR AGENCY P,1
DIR OF HEALTHCARE FACILITIES A,1
EXECUTIVE ASSISTANT TO THE HUM,1
SPECIAL ASSISTANT TO THE DEPUT,1
DEPUTY ASST COMMISSIONER FOR P,1
DIR MGMT SYSTEMS, PLANNING
* ATTENDING DENTIST (HMH) FULL,3
INSPECTOR (HEATING AND VENTILATION),1
INVESTIGATOR (DISCIPLINE)_(ALL MAYORAL AGENCIES),1
INVESTIGATOR (EMPLOYEE DISCIPLINE) MAYORAL AGENCIES ONLY,1
QUALITY ASSURANCE SPECIALIST (FOODS),1
SERVICE INSPECTOR (PROJECT SCORECARD),1
ADMINISTRATIVE SCHOOL FOOD SERVICE MANAGER,13
ADMINISTRATIVE SUPERVISOR OF BUILDING MAINTENANCE,23
Construction Project  Manager,1
Promotion to Firefighter,1
Painter,7
Promotion to Associate Staff Analyst,1
EMS-Paramedic,1
Promotion to Battalion Chief (Fire),1
Prom. to Battalion Chief (Fire),1
Physical Therapist (DOE),1
ASSISTANT SYSTEMS ANALYST (HHC,1
CHIEF INFORMATION TECHNOLOGY O,3
SECRETARY TO ASSISTANT TO PRES,1
SUPERVISING RACKETS INVESTIGAT,3
ASST DIR OF INTERGVNMENTAL REL,1
SR PROJECT PLANNER (MA),1
CASE MANAGEMENT NURSE (DOC),2
ATTORNEY-CAMPAIGN FIN BOARD,2
SPECIAL ASSISTANT (OFFICE OF T,1
SECRETARY TO THE FIRST DEPUTY,4
DEPUTY EXECUTIVE DIRECTOR (FDN,2
ADMINISTRATIVE MANAGER,14854
ADMINISTRATIVE QUALITY ASSURAN,4
ADMINISTRATIVE PRINTING SERVIC,1
COOPERATIVE EDUCATION TRAINEE,4
STAFF ANALYST TRAINEE,19951
LABOR RELATIONS ANALYST TRAINE,3
SPECIAL ADVISOR TO THE CITY CL,1
SECRETARY TO THE DEPUTY BORO P,1
EXECUTIVE SECRETARY (EEPC),1
EXECUTIVE ASST TO THE NYC COMM,1
DIRECTOR OF COMMUNITY ASSISTAN,1
MECHANICAL ENGINEERING INTERN,285
CRIMINALIST,8
COMMUNITY PLANNING BOARD COORD,1
ASSISTANT COUNSEL (OLR),1
EXAMINING ATTORNEY,3
EXAMINING ATTORNEY (OFFICE FOR,1
COUNSEL (COMMISSION ON HUMAN R,1
ASSISTANT DIRECTOR OF LEGAL SE,1
MORTGAGE TAX EXAMINER,2
CHIEF INVESTIGATING ACCOUNTANT,1
SENIOR ACCOUNTANT INVESTIGATOR,1
ASSOCIATE FRAUD INVESTIGATOR (,4
ASSOCIATE INSPECTOR (HOUSING),183
ASSOCIATE WATER USE INSPECTOR,37
APPRENTICE INSPECTOR (ELEVATOR,1
FIRST DEPUTY AUDITOR GENERAL (,1
AUDITOR GENERAL (OFFICE OF THE,1
CITY MANAGEMENT DENTIST,1
STAFF NURSE,10
CASE - MANAGEMENT NURSE (FIRE,6
PUBLIC HEALTH NURSE (PER SESSI,1
SPEC CONSULTANT (MHSS) (AL 2),13
PUBLIC HEALTH EDUCATION TRAINE,1
PROJECT COORDINATOR(CRIMINAL J,1
SENIOR PROJECT PLANNER (CRIMIN,1
SUPERVISING PROBATION OFFICER,134
COORDINATOR OF MORTUARY SERVIC,1
HOUSEPARENT,1
SUPERVISOR III SOCIAL WORK,3
CLINICIAN,1
SENIOR MEDICAL SPECIALIST,1
SENIOR SCHOOL LUNCH HELPER,3
SCHOOL LUNCH LOADER AND HANDLE,1
HUMAN RIGHTS SPECIALIST (COMM,7
JUNIOR SCHOOL-NEIGHBORHOOD WOR,2
DEPARTMENT LIBRARIAN,4
ASSOCIATE PUBLIC INFORMATION,5
DIRECTOR OF CONSUMER INFORMATI,1
RESEARCH ASSISTANT,9097
PROGRAM RESEARCH INTERN,1
CAPTAIN-CHIEF OF STAFF,1
*SURGEON DETAILED AS DEPUTY CH,1
SUPERVISING CHIEF SURGEON,1
FIRE ALARM DISPATCHER,2991
REAL PROPERTY MANAGER,4
DIRECTOR OF PROGRAM PLANNING (,2
SUPERVISING DOCKMASTER,1
CITY PARKING EQUIPMENT SERVICE,3
CAPTAIN (FERRY),19
ELECTRICIAN (AUTOMOBILE),53
SUPERVISOR STEAMFITTER,1
SENIOR ADMINISRATOR (BOARD OF,1
INSPECTOR (BOARD OF ELECTIONS),2
VOTING MACHINE TECHNICIAN (BOA,1
FINANCE OFFICER  (BOARD OF ELE,1
COMMISSIONER OF PARKS & RECREA,1
SENIOR BUYER (BOARD OF ELECTIO,1
PROJECT COORDINATOR (BOARD OF,1
DEPUTY DIRECTOR-LEGAL DIVISION,1
ASSISTANT COMMISSIONER FOR OPE,1
DEPUTY DIRECTOR OF MOTOR EQUIP,1
DIRECTOR OF NOISE ABATEMENT,1
ALCOHOLISM COUNSELOR,1
PEDIATRIC NURSE ASSOCIATE,1
DEPUTY COMMISSIONER (MENTAL HE,1
ASSOCIATE COMMISSIONER FOR EMP,1
DIRECTOR OF  INVESTMENTS (COMP,3
ASSISTANT COMMISSIONER FOR CIT,1
DIRECTOR OF BIODETECTION RESPO,1
DEPUTY DIRECTOR (FERRIES),1
INSPECTOR (HOUSING CONSTRUCTION),1
EMERGENCY MEDICAL SPECIALIST-PARAMEDIC,11357
ASSISTANT RESIDENT BUILDINGS SUPERINTENDENT,333
*ASSOCIATE EDUCATION OFFICER,61
CONTRACT REVIEWER (OFFICE OF LABOR SERVICES),20
CONSULTANT (PUBLIC HEALTH SOCIAL WORK),18
ASSOCIATE INSPECTOR (CONSTRUCTION),53
MAINTENANCE SUPERVISOR (TELEPHONES),97
Administrative Staff Analyst,46
Sanitation Worker,126
Police officer,7
Promotion to Captain (Police),6
Public Health Nurse (School Health),5
Construction Project Manager Intern,8
Computer Programmer Analyst Trainee,2
Assistant Superintendent of Welfare Shelters,10
Education Analyst,2
Custodian Engineer (BOE),5
Public health Nurse (School Health),1
Promotion to Supervisor (Sanitation),1
Climber & Pruner,3
ASSOCIATE QUALITY ASSURANCE SPECIALIST (FOODS),1
ASSOCIATE QUALITY ASSURANCE SPECIALIST (FUEL),1
CLAIM EXAMINER TRAINEE (TRANSIT AUTHORITY),1
ADMINISTRATIVE CONTRACT SPECIALIST,6186
MULTIPLE DWELLING SPECIALIST (BUILDINGS),1
SENIOR QUALITY CONTROL SPECIALIST,9
ASSOCIATE LABORATORY MICROBIOLOGIST,18
Chief Marine Engineer (PROM),2
EMT - Trainee,4
Promotion to Administrative Engineer,6
Computer Associte (Software),2
ADMINISTRATIVE CONSTRUCTION PROJECT MANAGER,29
ADMINISTRATIVE INVESTIGATOR,407
ADMINISTRATIVE LAW JUDGE,2
CAPTAIN (CORRECTION),1115
CLERICAL ASSOCIATE,68925
MECHANICAL ENGINEER,1689
ROAD CAR INSPECTOR,2943
SOCIAL WORKER,3529
ADMINISTRATIVE HOUSING DEVELOPMENT SPECIALIST,933
SUPERVISOR PAINTER,266
SHEET METAL WORKER,365
LANDMARKS PRESERVATIONIST,76
MAINTENANCE SUPERVISOR (POWER ELECTRONICS),4
INSPECTOR (ELECTRICAL),26
ADMINISTRATIVE ACCOUNTANT,271
PROGRAM PRODUCER,21
TELECOMMUNICATIONS ASSOCIATE (DATA),1229
ADMINISTRATIVE PUBLIC HEALTH S,8
DEPUTY EXECUTIVE DIRECTOR (COM,3
HEARING OFFICER (PVB - NOT EMP,3
SUMMER COLLEGE INTERN,3
ASSOCIATE INSPECTOR (ELECTRICA,6
CERTIFIED IT ADMINISTRATOR LAN,2
SENIOR POLICE ADMINISTRATIVE A,5
INSURANCE ADVISOR (HA),3
CHILD WELFARE SPECIALIST SUPER,3
Administrative Procurement Analyst,1
Train Operator,100
Maintenance Supervisor (Car Equipment),5
Cement Mason,2
Oiler,7
Park Service Worker,2
Staff Analyst Trainee,17
Transit Mgmt. Analyst Trainee,6
Telephone Maintainer,14
Stock Worker,3
Promotion to Associate Fraud Investigator,2
Traffic Enforcement Agent (TEA),13
Emergency Medical Specialist - Paramedic,5
Plumber,3
CHIEF OF STAFF - MAYOR'S OFFIC,1
COMMISSIONER OF DEPARTMENT OF,1
DIRECTOR OF CRIMINAL JUSTICE (,1
ADMINISTRATIVE SUPERVISOR OF B,1
ADMINISTRATIVE PARKS & RECREA,1
CHIEF CLERK,1
PRECINCT RECEPTIONIST (PER HOU,1
DEPUTY ASSISTANT DIRECTOR (NON,1
*SR SYSTEMS ANALYST - EDP(HMH),1
EXECUTIVE SECRETARY,1
Secretary to the Deputy Mayor,1
SECRETARY OF THE TAX COMMISSIO,1
SCHOOL COMPUTER TECHNOLOGY SPE,3
COUNSEL TO THE BOARD OF EDUCAT,1
COUNSEL (FIRE DEPARTMENT),1
CONSUMER ADVOCATE,1
CORPORATION COUNSEL,1
JUNIOR ASSISTANT DA,1
ASSISTANT CHIEF INVESTIGATING,1
SUPERVISING INSPECTOR GENERAL,1
SUPERVISING DEMOLITION INSPECT,1
ASSOCIATE INSPECTOR (CONSUMER,2
LEGISLATIVE FINANCIAL ANALYST,2
AUDITOR GENERAL (DOE),1
ADMINISTRATOR OF MEDICAL AFFAI,1
DIRECTOR OF MEDICAL CARE,1
SENIOR SCHOOL LUNCH AIDE (COOK,3
ASSISTANT TO THE COMPTROLLER (,1
CHIEF, PUBLICATIONS & REPORTS
SUPERVISING HOUSING GROUNDSKEE,1
PUBLIC HEALTH ASSISTANT,1
ADMINISTRATIVE ACTUARY,6
ADM HOUSING DEV SPEC(NON MGRL),1
HOUSING EXTERMINATOR-AL IV,1
MARINE OILER (DEPT OF CORRECTI,1
PORT MARINE ENGINEER (DEP),1
AREA MANAGER OF SCHOOL MAINTEN,1
CLERK TO THE BOARD (BOARD OF E,1
SENIOR TABULATOR OPERATOR (BOA,1
CHIEF VOTING MACHINE TECHNICIA,1
DIRECTOR OF THE OFFICE OF COLL,1
DIRECTOR-TECHNICAL SERVICES (C,1
LEGISLATIVE PROGRAMMER/ANALYST,1
DISTRICTING COMMISSION ADMINIS,1
MEMBER, CIVILIAN COMPLAINT REV
SPECIAL ASSISTANT (PUBLIC ADVO,1
ASSISTANT TO COMMISSIONER (DEP,1
DEPUTY EXECUTIVE DIRECTOR (OPA,1
ASSISTANT COMMISSIONER (DEP),1
ASSISTANT COMMISSIONER (MANAGE,1
CHIEF OF CITY SHERIFF OPERATIO,1
DEPUTY COMMISSIONER (HOUSING P,1
EXECUTIVE ASSISTANT TO THE DEP,1
LEGISLATIVE ASSISTANT (HPD),1
INVESTIGATOR (DISCIPLINE) HMH,3
ASSOCIATE COMMISSIONER FOR ADU,1
DIRECTOR OF MUNICIPAL TELECOMM,1
DEPUTY COMMISSIONER FOR CITY P,1
DIRECTOR OF STORES (DCAS),1
DEPUTY DIRECTOR OF EMERGENCY M,1
DIRECTOR TITLE XX SVC PLANNING,1
ASSISTANT COMMISSIONER FOR DES,1
*PERSONNEL DIRECTOR -HEALTH CA,4
ATTENDING PHYSICIAN,3
TERMINAL MARKET MANAGER,1
ASSISTANT PRINTING PRESS OPERATOR,11
ADMINISTRATIVE SUPERINTENDENT OF HIGHWAY OPERATIONS,20
SYSTEM SAFETY SPECIALIST TRAINEE (TRANSIT AUTHORITY),1
Promotion to Computer Associate (Technical Support),2
Computer Associate(Technical Support),1
Elevator Mechanic's Helper,2
Masons Helper,1
Exterminator,1
Promotion to Administrative Investigator,4
Machinist Helper,1
Associate Cashier TA,1
Promotion to Maintenance Supervisor (Track),1
